ipa,pos,translation,grammar,derivation,notes
takt,v,trancher / décider / clarifier / démolir,radical verbal,racine,grappe : le geste net qui sépare ; impératif takt ! attesté
stir,v,marcher / avancer / explorer,radical verbal,racine,"REP = routine, SEQ = conquête (grammaire 1.1)"
skim,v,voir / percevoir / vérifier,radical verbal,racine,racine épistémique de rang DIR
prat,v,parler / dire / annoncer,radical verbal,racine,
stark,v.stat,être lourd / massif / important,verbe statif,racine,grappe : peser / compter / importer
kust,v,savoir / connaître,radical verbal,racine,nouvelle racine (expansion)
tikt,v,penser / raisonner / modéliser,radical verbal,racine,nouvelle racine (expansion) ; distinct de skim (percevoir) et kust (savoir)
krus,v,briser / rompre / pulvériser,radical verbal,racine,"nouvelle racine (expansion) ; la rupture, pas la coupe nette (takt)"
klap,v,saisir / tenir / faire,radical verbal,racine,"item sonore É1, sens assigné ; grappe de la main"
malt,v,manger / consommer,radical verbal,racine,nouvelle racine (expansion)
sunk,v,dormir / reposer,radical verbal,racine,nouvelle racine (expansion)
nilt,v,vivre,radical verbal,racine,nouvelle racine (expansion)
murt,v,mourir,radical verbal,racine,nouvelle racine (expansion)
sat,v,être / exister,radical verbal (copule),racine,nominale : sat-a-EVID ; « exister est une raison d'être suffisante »
rikt,v.stat,être vrai / droit / aligné,verbe statif,racine,nouvelle racine (expansion)
xip,v.stat,être petit / faible,verbe statif,racine,nouvelle racine (expansion) ; antonyme lexical de stark
nark,n,homme / personne,nom,racine,
silp,n,chat,nom,racine,
purk,n,maison / abri,nom,racine,
kram,n,pierre / masse,nom,racine,"item sonore É1, sens assigné"
ktal,n,feu / énergie,nom,racine,"item sonore É1, sens assigné"
turs,n,eau / flux,nom,racine,"item sonore É1, sens assigné"
xurt,n,chemin / voie / méthode,nom,racine,"item sonore É1, sens assigné"
parn,n,corps / chair,nom,racine,nouvelle racine (expansion)
pulk,n,foule / multitude,nom,racine,nouvelle racine (expansion)
kan,pro.int,qui,interrogatif lexical,racine,"finale C : lexical ; en tête de phrase, pas d'évidentiel (2.6)"
mit,pro.int,quoi / quel,interrogatif lexical,racine,
nat,num,un,numéral,racine,les numéraux précèdent le nom
tis,num,deux,numéral,racine,
kur,num,trois,numéral,racine,
pilt,num,quatre,numéral,racine,
xam,num,cinq,numéral,racine,
taktut,n,décision / coupure,nom,takt + -ut (résultatif),attesté grammaire 2.1
taktil,n,lame / outil-à-trancher,nom,takt + -il (instrumental),
taktar,n,décideur / trancheur,nom,takt + -ar (agentif),
taktas,n,netteté / esprit de décision,nom,takt + -as (abstrait),
kʼatakt,v.stat,être indécis / non-tranché,verbe statif,kʼa- + takt (privatif),"éjective = dégradation, attesté grammaire 1.6"
stirar,n,explorateur / marcheur,nom,stir + -ar,
stirut,n,avancée / progrès accompli,nom,stir + -ut,
stiril,n,véhicule,nom,stir + -il,
stiras,n,exploration / le mouvement,nom,stir + -as,
kʼastir,v.stat,être immobile / stagnant,verbe statif,kʼa- + stir,
skimar,n,témoin / observateur,nom,skim + -ar,
skimut,n,observation / preuve vue,nom,skim + -ut,le résultat d'un skim : la pièce du rang DIR
skimil,n,œil / instrument d'optique,nom,skim + -il,
skimas,n,lucidité / vigilance,nom,skim + -as,« je sais le prix de la lucidité »
kʼaskim,v.stat,être aveugle / sans regard,verbe statif,kʼa- + skim,
pratar,n,orateur / porte-parole,nom,prat + -ar,attesté grammaire 1.6
pratut,n,énoncé / parole dite,nom,prat + -ut,
pratil,n,langue / langage (outil),nom,prat + -il,le nom de la langue elle-même sera un pratil
pratas,n,discours / le parler,nom,prat + -as,
kʼaprat,v.stat,être muet / sans parole,verbe statif,kʼa- + prat,
kustar,n,savant / expert,nom,kust + -ar,
kustut,n,connaissance acquise,nom,kust + -ut,"un savoir gagné, pas hérité"
kustil,n,livre / support de savoir,nom,kust + -il,
kustas,n,science / le savoir,nom,kust + -as,
kʼakust,v.stat,être ignorant,verbe statif,kʼa- + kust,« pour un ignorant tout est conspiration »
tiktar,n,penseur,nom,tikt + -ar,
tiktut,n,idée / conclusion,nom,tikt + -ut,
tiktil,n,modèle / algorithme,nom,tikt + -il,l'outil-à-penser ; machine incluse
tiktas,n,pensée / raison,nom,tikt + -as,
kʼatikt,v.stat,être irréfléchi / stupide,verbe statif,kʼa- + tikt,
krusar,n,briseur / destructeur,nom,krus + -ar,
krusut,n,ruine / fragment,nom,krus + -ut,« toutes les splendeurs ne font pas de belles ruines »
krusil,n,marteau / masse (outil),nom,krus + -il,
kʼakrus,v.stat,être intact,verbe statif,kʼa- + krus,privatif à valeur positive : le non-brisé
klapar,n,artisan / faiseur,nom,klap + -ar,
klaput,n,œuvre / chose faite,nom,klap + -ut,
klapil,n,outil (générique),nom,klap + -il,
klapas,n,le faire / travail,nom,klap + -as,« impossible de penser sans faire »
kʼaklap,v.stat,être oisif / inutile,verbe statif,kʼa- + klap,
niltar,n,vivant / être vivant,nom,nilt + -ar,
niltas,n,vie,nom,nilt + -as,
kʼanilt,v.stat,être inerte,verbe statif,kʼa- + nilt,
murtut,n,cadavre / dépouille,nom,murt + -ut,
murtas,n,la mort,nom,murt + -as,« la mort est un non-être »
kʼamurt,v.stat,être immortel,verbe statif,kʼa- + murt,
ktalas,n,énergie / ardeur,nom,ktal + -as,
ktalil,n,foyer / moteur,nom,ktal + -il,
tursas,n,flux / courant,nom,turs + -as,
tursil,n,canal / conduite,nom,turs + -il,
starkas,n,masse / importance,nom,stark + -as,attesté grammaire 1.6
starkar,n,homme massif / poids lourd (fig.),nom,stark + -ar,
kʼastark,v.stat,être léger / insignifiant,verbe statif,kʼa- + stark,
xipas,n,faiblesse,nom,xip + -as,"« la faiblesse, comme la supériorité, doit être prouvée »"
xurtas,n,méthode / la voie,nom,xurt + -as,
xurtar,n,guide / éclaireur,nom,xurt + -ar,
riktas,n,vérité / justesse,nom,rikt + -as,
riktar,n,homme droit / juste,nom,rikt + -ar,
kʼarikt,v.stat,être faux / tordu,verbe statif,kʼa- + rikt,
parnas,n,l'incarné / le corporel,nom,parn + -as,
pulkas,n,conformisme / esprit de foule,nom,pulk + -as,"« les foules ne pensent pas, elles réagissent »"
kʼapulk,v.stat,être solitaire / hors de la foule,verbe statif,kʼa- + pulk,privatif à valeur positive assumée
silpas,n,indépendance souveraine,nom,silp + -as,"la qualité-du-chat, lexicalisée"
maltut,n,repas,nom,malt + -ut,
sunkas,n,repos / sommeil,nom,sunk + -as,
-a,sfx,aspect neutre / perfectif,NEUT — slot aspect obligatoire,flexionnel,voyelle-tampon du template verbal
-si,sfx,aspect répétitif (routine),REP,flexionnel,item sonore É1 /si/
-tu,sfx,aspect séquentiel (progression),SEQ,flexionnel,
-mu,sfx,évidentiel direct (vu/vérifié),DIR,flexionnel,
-ka,sfx,évidentiel inférentiel (déduit),INF,flexionnel,item sonore É1 /ka/ ; obligatoire au futur et avec tʼu
-ri,sfx,évidentiel rapporté (source citable),REP.EV,flexionnel,
-kʼara,sfx,évidentiel de croyance sans source,CRU,flexionnel,"lourd, éjectif, attire l'accent — la faute épistémique se scande"
-ar,sfx,agentif (celui qui fait),dérivationnel,dérivationnel,V(C) finale consonantique : le dérivé reste lexical
-ut,sfx,résultatif (chose produite),dérivationnel,dérivationnel,
-il,sfx,instrumental (outil pour),dérivationnel,dérivationnel,
-as,sfx,abstrait (qualité / domaine),dérivationnel,dérivationnel,
kʼa-,pfx,privatif (sans- / dé-),dérivationnel,dérivationnel,éjective = dégradation sémantique dans la matière sonore
na,pro,je (1SG),pronom,grammatical,
ti,pro,tu (2SG),pronom,grammatical,pas de vouvoiement (contrainte 6)
ku,pro,il / elle (3SG),pronom,grammatical,item sonore É1 /kʼu/ réattribué : voir kʼu
naru,pro,nous (1PL),pronom,na + ru fusionné,
tiru,pro,vous (2PL),pronom,ti + ru fusionné,"pluriel réel uniquement, jamais de politesse"
kuru,pro,ils / elles (3PL),pronom,ku + ru fusionné,
tʼu,pro,quelqu'un-que-j'ignore (agent inconnu),pronom épistémique,grammatical,force -ka ; seul substitut légal au passif
ta,part,marqueur d'objet (ACC),particule préposée à l'objet,grammatical,item sonore É1 /ta/
ru,part,pluriel (postposé au nom),particule,grammatical,item sonore É1 /ru/
i,part,lien génitif (N avant GEN),particule,grammatical,
u,conj,et,particule,grammatical,"item sonore É1 /u/ ; homophone assumé, prosodie désambiguïse"
pa,part,"passé (préverbal, optionnel)",particule TAM,grammatical,
nu,part,futur (préverbal) — exige -ka,particule TAM,grammatical,
xa,part,négation (préverbale),particule,grammatical,
ha,part,question oui/non (initiale),particule,grammatical,
ki,part,complémenteur / relatif,particule,grammatical,la subordonnée garde son propre évidentiel (chaîne)
pi,prep,dans / à,préposition,grammatical,
xu,prep,vers / pour,préposition,grammatical,
sa,prep,depuis / de (origine),préposition,grammatical,
pʼa,intj,foutaise ! (rejet épistémique),interjection,grammatical,item sonore É1 /pʼa/ : l'éjective crache le discrédit
kʼu,part,environ / à-peu-près (approximatif),particule,grammatical,item sonore É1 /kʼu/ : la précision dégradée porte l'éjective
karn,n,chien,nom,racine,réinjection trad. ; « les hommes sont des chiens en quête d'un maître »
kint,n,enfant,nom,racine,réinjection trad.
mirn,n,femme,nom,racine,réinjection trad.
tirk,n,oiseau,nom,racine,réinjection trad.
krant,n,montagne,nom,racine,réinjection trad. ; « la vie est une montagne à gravir et graver »
sarp,n,jardin / terre cultivée,nom,racine,réinjection trad.
xast,adv,hier,adverbe temporel (fin de proposition),racine,réinjection trad.
xun,pro.int,où,interrogatif lexical,racine,réinjection trad.
tun,v,donner / transmettre,radical verbal,racine,réinjection trad. ; récipiendaire en xu
lip,v,jouer,radical verbal,racine,réinjection trad.
rukt,v.stat,être rouge,verbe statif,racine,réinjection trad.
murk,v.stat,être sombre / noir / caché,verbe statif,racine,réinjection trad. ; grappe de l'obscur
maltus,v.stat,avoir faim,verbe statif dérivé,malt + -us (désidératif),réinjection trad.
kustus,v.stat,être avide de savoir / curieux,verbe statif dérivé,kust + -us,réinjection trad. ; bonus du procédé
-us,sfx,désidératif (besoin-de / en-manque-de),dérivationnel,dérivationnel,réinjection trad. ; produit des radicaux verbaux fléchissables
su,part,démonstratif proximal (postposé),particule,grammatical,réinjection trad.
ni,part,démonstratif distal (postposé),particule,grammatical,réinjection trad.
kart,n,"tête, sommet, esprit",nom,racine,expansion T2 ; grappe : le corps et ses parties
kartar,n,"celui qui pense, sage",nom,kart + -ar (agentif),expansion T2 (agentif)
kartas,n,"domaine mental, pensée",nom,kart + -as (abstrait),expansion T2 (abstrait)
kʼakart,v.stat,"sans-tête, étourdi",verbe statif,kart + kʼa- (privatif),expansion T2 (privatif)
spil,n,"œil, vision, regard",nom,racine,expansion T2 ; grappe : le corps et ses parties
spilar,n,"celui qui voit, guetteur",nom,spil + -ar (agentif),expansion T2 (agentif)
spilil,n,"outil de vision, miroir",nom,spil + -il (instrumental),expansion T2 (instrumental)
spilus,v.stat,"avoir besoin de voir, chercher",verbe statif,spil + -us (désidératif),expansion T2 (désidératif)
hart,n,"cœur, sentiment, courage",nom,racine,expansion T2 ; grappe : le corps et ses parties
hartas,n,"sentiment, domaine émotionnel",nom,hart + -as (abstrait),expansion T2 (abstrait)
hartus,v.stat,"avoir du courage, vouloir courageusement",verbe statif,hart + -us (désidératif),expansion T2 (désidératif)
truk,n,"bras, force, action",nom,racine,expansion T2 ; grappe : le corps et ses parties
trukar,n,"celui qui agit, agent",nom,truk + -ar (agentif),expansion T2 (agentif)
trukil,n,outil manipulé par le bras,nom,truk + -il (instrumental),expansion T2 (instrumental)
trukas,n,"force, puissance",nom,truk + -as (abstrait),expansion T2 (abstrait)
prik,n,"main, doigt, toucher",nom,racine,expansion T2 ; grappe : le corps et ses parties
prikar,n,"celui qui touche, artisan",nom,prik + -ar (agentif),expansion T2 (agentif)
prikil,n,accessoire manuel,nom,prik + -il (instrumental),expansion T2 (instrumental)
prikus,v.stat,avoir besoin de toucher,verbe statif,prik + -us (désidératif),expansion T2 (désidératif)
rin,n,"pied, base, stabilité",nom,racine,expansion T2 ; grappe : le corps et ses parties
rinil,n,"support, socle",nom,rin + -il (instrumental),expansion T2 (instrumental)
rinas,n,"stabilité, équilibre",nom,rin + -as (abstrait),expansion T2 (abstrait)
rinus,v.stat,avoir besoin de base,verbe statif,rin + -us (désidératif),expansion T2 (désidératif)
sark,n,"muscle, vigueur, effort",nom,racine,expansion T2 ; grappe : le corps et ses parties
sarkar,n,"celui qui est musclé, athlète",nom,sark + -ar (agentif),expansion T2 (agentif)
sarkas,n,"vigueur, force musculaire",nom,sark + -as (abstrait),expansion T2 (abstrait)
sarkus,v.stat,avoir besoin de force,verbe statif,sark + -us (désidératif),expansion T2 (désidératif)
tral,n,"oreille, audition, son",nom,racine,expansion T2 ; grappe : le corps et ses parties
tralar,n,"celui qui écoute, auditeur",nom,tral + -ar (agentif),expansion T2 (agentif)
tralil,n,instrument d'écoute,nom,tral + -il (instrumental),expansion T2 (instrumental)
kʼatral,v.stat,"sourd, sans-audition",verbe statif,tral + kʼa- (privatif),expansion T2 (privatif)
pult,n,"ventre, digestion, nutrition",nom,racine,expansion T2 ; grappe : le corps et ses parties
pultar,n,"celui qui mange, mangeur",nom,pult + -ar (agentif),expansion T2 (agentif)
pultas,n,"digestion, domaine nutritif",nom,pult + -as (abstrait),expansion T2 (abstrait)
pultus,v.stat,avoir faim,verbe statif,pult + -us (désidératif),expansion T2 (désidératif)
stin,n,"sang, vie, vitalité",nom,racine,expansion T2 ; grappe : le corps et ses parties
stinas,n,"vitalité, domaine sanguin",nom,stin + -as (abstrait),expansion T2 (abstrait)
kʼastin,v.stat,"exsangue, sans-vie",verbe statif,stin + kʼa- (privatif),expansion T2 (privatif)
stinus,v.stat,avoir besoin de vie,verbe statif,stin + -us (désidératif),expansion T2 (désidératif)
kruk,n,"dos, support dorsal, posture",nom,racine,expansion T2 ; grappe : le corps et ses parties
krukar,n,"celui qui porte, porteur",nom,kruk + -ar (agentif),expansion T2 (agentif)
krukas,n,"posture, domaine postural",nom,kruk + -as (abstrait),expansion T2 (abstrait)
kʼakruk,v.stat,"courbé, sans-rectitude",verbe statif,kruk + kʼa- (privatif),expansion T2 (privatif)
mat,n,"mère, maternité, autorité féminine",nom,racine,expansion T2 ; grappe : la famille et la parenté
matar,n,mère (celle qui enfante/élève),nom,mat + -ar (agentif),expansion T2 (agentif)
matas,n,"maternité, rôle maternel",nom,mat + -as (abstrait),expansion T2 (abstrait)
kʼamat,v.stat,orphelin (sans mère),verbe statif,mat + kʼa- (privatif),expansion T2 (privatif)
kin,n,"enfant, descendance, jeunesse",nom,racine,expansion T2 ; grappe : la famille et la parenté
kinar,n,enfant (fils/fille),nom,kin + -ar (agentif),expansion T2 (agentif)
kinas,n,"enfance, état de jeunesse",nom,kin + -as (abstrait),expansion T2 (abstrait)
kinus,v.stat,"avoir besoin d'un parent, dépendre",verbe statif,kin + -us (désidératif),expansion T2 (désidératif)
trin,n,"frère, fraternité, égalité masculine",nom,racine,expansion T2 ; grappe : la famille et la parenté
trinar,n,frère,nom,trin + -ar (agentif),expansion T2 (agentif)
trinas,n,"fraternité, lien fraternel",nom,trin + -as (abstrait),expansion T2 (abstrait)
trinil,n,arme ou insigne fraternel,nom,trin + -il (instrumental),expansion T2 (instrumental)
sis,n,"sœur, sororité, égalité féminine",nom,racine,expansion T2 ; grappe : la famille et la parenté
sisar,n,sœur,nom,sis + -ar (agentif),expansion T2 (agentif)
sisas,n,"sororité, lien sororal",nom,sis + -as (abstrait),expansion T2 (abstrait)
sisut,n,"acte fraternel, geste de sœur",nom,sis + -ut (résultatif),expansion T2 (résultatif)
nart,n,"grand-parent, ancêtre, sagesse",nom,racine,expansion T2 ; grappe : la famille et la parenté
nartar,n,grand-parent,nom,nart + -ar (agentif),expansion T2 (agentif)
nartas,n,"ancestralité, lignée ancienne",nom,nart + -as (abstrait),expansion T2 (abstrait)
nartut,n,héritage ancestral,nom,nart + -ut (résultatif),expansion T2 (résultatif)
nirn,n,"petit-enfant, descendant, continuation",nom,racine,expansion T2 ; grappe : la famille et la parenté
nirnar,n,petit-enfant,nom,nirn + -ar (agentif),expansion T2 (agentif)
nirnas,n,"descendance, future lignée",nom,nirn + -as (abstrait),expansion T2 (abstrait)
nirnus,v.stat,désirer avoir des enfants,verbe statif,nirn + -us (désidératif),expansion T2 (désidératif)
kul,n,"mari, époux, alliance masculine",nom,racine,expansion T2 ; grappe : la famille et la parenté
kular,n,"mari, époux",nom,kul + -ar (agentif),expansion T2 (agentif)
kulas,n,"mariage, état conjugal",nom,kul + -as (abstrait),expansion T2 (abstrait)
kulut,n,contrat ou union matrimoniale,nom,kul + -ut (résultatif),expansion T2 (résultatif)
mil,n,"femme, épouse, alliance féminine",nom,racine,expansion T2 ; grappe : la famille et la parenté
milar,n,"femme, épouse",nom,mil + -ar (agentif),expansion T2 (agentif)
milas,n,"mariage, état d'union",nom,mil + -as (abstrait),expansion T2 (abstrait)
milut,n,dote ou présent matrimonial,nom,mil + -ut (résultatif),expansion T2 (résultatif)
prip,n,"oncle, parente collatérale masculine",nom,racine,expansion T2 ; grappe : la famille et la parenté
pripar,n,oncle,nom,prip + -ar (agentif),expansion T2 (agentif)
pripas,n,"lien d'oncle, parenté collatérale",nom,prip + -as (abstrait),expansion T2 (abstrait)
priput,n,aide ou protection d'oncle,nom,prip + -ut (résultatif),expansion T2 (résultatif)
min,n,"tante, parente collatérale féminine",nom,racine,expansion T2 ; grappe : la famille et la parenté
minar,n,tante,nom,min + -ar (agentif),expansion T2 (agentif)
minas,n,"lien de tante, parenté collatérale",nom,min + -as (abstrait),expansion T2 (abstrait)
minut,n,conseil ou soutien de tante,nom,min + -ut (résultatif),expansion T2 (résultatif)
nik,n,"cousin, cousine, parenté proche",nom,racine,expansion T2 ; grappe : la famille et la parenté
nikar,n,"cousin, cousine",nom,nik + -ar (agentif),expansion T2 (agentif)
nikas,n,"cousinage, lien de cousinage",nom,nik + -as (abstrait),expansion T2 (abstrait)
nikil,n,jeu ou activité de cousins,nom,nik + -il (instrumental),expansion T2 (instrumental)
sul,v.stat,"être lié par le sang, parenté, appartenance",verbe statif,racine,expansion T2 ; grappe : la famille et la parenté
sular,n,"parent, consanguin",nom,sul + -ar (agentif),expansion T2 (agentif)
sulas,n,"parenté, consanguinité, clan",nom,sul + -as (abstrait),expansion T2 (abstrait)
kʼasul,v.stat,être orphelin ou sans kin,verbe statif,sul + kʼa- (privatif),expansion T2 (privatif)
xal,v.stat,"être aimé, affection familiale, tendresse",verbe statif,racine,expansion T2 ; grappe : la famille et la parenté
xalar,n,"celui qui aime, parent affectueux",nom,xal + -ar (agentif),expansion T2 (agentif)
xalas,n,"amour familial, affection",nom,xal + -as (abstrait),expansion T2 (abstrait)
xalus,v.stat,"avoir envie d'affection, désirer l'amour",verbe statif,xal + -us (désidératif),expansion T2 (désidératif)
rut,v.stat,"être chef de maison, diriger le foyer",verbe statif,racine,expansion T2 ; grappe : la famille et la parenté
rutar,n,"chef de maison, patriarche",nom,rut + -ar (agentif),expansion T2 (agentif)
rutas,n,"autorité domestique, pouvoir familial",nom,rut + -as (abstrait),expansion T2 (abstrait)
kʼarut,v.stat,"sans foyer, sans maison",verbe statif,rut + kʼa- (privatif),expansion T2 (privatif)
pul,n,"ligne de sang, génération, âge",nom,racine,expansion T2 ; grappe : la famille et la parenté
pular,n,"celui d'une génération, pair",nom,pul + -ar (agentif),expansion T2 (agentif)
pulas,n,"générationnel, époque familiale",nom,pul + -as (abstrait),expansion T2 (abstrait)
pulut,n,"marque de génération, héritages",nom,pul + -ut (résultatif),expansion T2 (résultatif)
sap,v,"manger, consommer des aliments solides",radical verbal,racine,expansion T2 ; grappe : la nourriture et boire
sapar,n,"mangeur, celui qui mange",nom,sap + -ar (agentif),expansion T2 (agentif)
saput,n,"nourriture, ce qui a été mangé",nom,sap + -ut (résultatif),expansion T2 (résultatif)
sapil,n,"ustensile à manger, cuillère",nom,sap + -il (instrumental),expansion T2 (instrumental)
pras,n,"pain, grain moulu cuit",nom,racine,expansion T2 ; grappe : la nourriture et boire
prasar,n,"boulanger, celui qui fait du pain",nom,pras + -ar (agentif),expansion T2 (agentif)
prasil,n,"moule à pain, four",nom,pras + -il (instrumental),expansion T2 (instrumental)
turk,v,"cuire, transformer par la chaleur",radical verbal,racine,expansion T2 ; grappe : la nourriture et boire
turkar,n,"cuisinier, celui qui cuit",nom,turk + -ar (agentif),expansion T2 (agentif)
turkut,n,"plat cuit, nourriture cuite",nom,turk + -ut (résultatif),expansion T2 (résultatif)
pirk,v,"peler, enlever la peau d'un fruit",radical verbal,racine,expansion T2 ; grappe : la nourriture et boire
pirkar,n,celui qui pèle,nom,pirk + -ar (agentif),expansion T2 (agentif)
pirkil,n,couteau à peler,nom,pirk + -il (instrumental),expansion T2 (instrumental)
surn,n,"sucre, douceur sucrée",nom,racine,expansion T2 ; grappe : la nourriture et boire
surnas,n,"douceur, caractère sucré",nom,surn + -as (abstrait),expansion T2 (abstrait)
surnus,v.stat,"avoir envie de sucre, douceur",verbe statif,surn + -us (désidératif),expansion T2 (désidératif)
lams,v,"lécher, laper avec la langue",radical verbal,racine,expansion T2 ; grappe : la nourriture et boire
lamsar,n,celui qui lèche,nom,lams + -ar (agentif),expansion T2 (agentif)
lamsut,n,ce qui est léché,nom,lams + -ut (résultatif),expansion T2 (résultatif)
stil,n,"fruit, produit sucré du verger",nom,racine,expansion T2 ; grappe : la nourriture et boire
stilar,n,celui qui cueille les fruits,nom,stil + -ar (agentif),expansion T2 (agentif)
stilil,n,panier à fruits,nom,stil + -il (instrumental),expansion T2 (instrumental)
narp,v,"goûter, percevoir la saveur",radical verbal,racine,expansion T2 ; grappe : la nourriture et boire
narpar,n,"dégustateur, celui qui goûte",nom,narp + -ar (agentif),expansion T2 (agentif)
narpas,n,"saveur, goût",nom,narp + -as (abstrait),expansion T2 (abstrait)
purn,n,"huile, graisse liquide",nom,racine,expansion T2 ; grappe : la nourriture et boire
purnas,n,"onctuosité, qualité grasse",nom,purn + -as (abstrait),expansion T2 (abstrait)
purnil,n,flacon à huile,nom,purn + -il (instrumental),expansion T2 (instrumental)
kals,v,"servir, présenter un repas",radical verbal,racine,expansion T2 ; grappe : la nourriture et boire
kalsar,n,"serveur, celui qui sert",nom,kals + -ar (agentif),expansion T2 (agentif)
kalsut,n,"service, repas servi",nom,kals + -ut (résultatif),expansion T2 (résultatif)
skan,n,"grappe de sens : animal terrestre à quatre pattes, quadrupède",nom,racine,expansion T2 ; grappe : les animaux
skanar,n,celui qui marche à quatre pattes,nom,skan + -ar (agentif),expansion T2 (agentif)
skanas,n,qualité de bête terrestre,nom,skan + -as (abstrait),expansion T2 (abstrait)
talm,n,"grappe de sens : animal aquatique, créature des eaux",nom,racine,expansion T2 ; grappe : les animaux
talmar,n,celui qui nage,nom,talm + -ar (agentif),expansion T2 (agentif)
talmil,n,"nageoire, membre aquatique",nom,talm + -il (instrumental),expansion T2 (instrumental)
talmas,n,nature aquatique,nom,talm + -as (abstrait),expansion T2 (abstrait)
sulk,n,"grappe de sens : animal prédateur, chasseur",nom,racine,expansion T2 ; grappe : les animaux
sulkar,n,celui qui chasse,nom,sulk + -ar (agentif),expansion T2 (agentif)
sulkut,n,"la proie, le butin de chasse",nom,sulk + -ut (résultatif),expansion T2 (résultatif)
sulkas,n,"férocité, nature prédatrice",nom,sulk + -as (abstrait),expansion T2 (abstrait)
nirp,n,"grappe de sens : animal herbivore, mangeur de plantes",nom,racine,expansion T2 ; grappe : les animaux
nirpar,n,celui qui broute,nom,nirp + -ar (agentif),expansion T2 (agentif)
nirpas,n,nature herbivore,nom,nirp + -as (abstrait),expansion T2 (abstrait)
mars,n,"grappe de sens : animal carnivore, mangeur de chair",nom,racine,expansion T2 ; grappe : les animaux
marsar,n,celui qui se nourrit de viande,nom,mars + -ar (agentif),expansion T2 (agentif)
marsas,n,"carnivorie, nature carnassière",nom,mars + -as (abstrait),expansion T2 (abstrait)
ramp,n,"grappe de sens : animal qui rampe ou glisse, reptile",nom,racine,expansion T2 ; grappe : les animaux
rampar,n,celui qui rampe,nom,ramp + -ar (agentif),expansion T2 (agentif)
rampas,n,nature reptilienne,nom,ramp + -as (abstrait),expansion T2 (abstrait)
xurn,n,"grappe de sens : animal grégaire, en troupeau ou meute",nom,racine,expansion T2 ; grappe : les animaux
xurnar,n,celui qui vit en groupe,nom,xurn + -ar (agentif),expansion T2 (agentif)
xurnas,n,"instinct grégaire, sociabilité",nom,xurn + -as (abstrait),expansion T2 (abstrait)
kils,v.stat,"grappe de sens : être animal, avoir nature de bête, animalité",verbe statif,racine,expansion T2 ; grappe : les animaux
kilsas,n,"animalité, nature bestiale",nom,kils + -as (abstrait),expansion T2 (abstrait)
kʼakils,v.stat,"être sans instinct animal, être dénaturé",verbe statif,kils + kʼa- (privatif),expansion T2 (privatif)
nurs,n,"grappe de sens : animal domestique, créature apprivoisée",nom,racine,expansion T2 ; grappe : les animaux
nursar,n,celui qui apprivoise,nom,nurs + -ar (agentif),expansion T2 (agentif)
nursas,n,"domesticité, caractère familier",nom,nurs + -as (abstrait),expansion T2 (abstrait)
hals,n,"feuille, feuillage, verdure",nom,racine,expansion T2 ; grappe : les plantes et arbres
halsar,n,celui qui cueille les feuilles,nom,hals + -ar (agentif),expansion T2 (agentif)
halsas,n,"l'état de feuillure, la verdeur",nom,hals + -as (abstrait),expansion T2 (abstrait)
krip,n,"racine, système racinaire",nom,racine,expansion T2 ; grappe : les plantes et arbres
kripar,n,"celui qui creuse, qui enracine",nom,krip + -ar (agentif),expansion T2 (agentif)
kripil,n,l'outil à creuser les racines,nom,krip + -il (instrumental),expansion T2 (instrumental)
kripas,n,la profondeur souterraine,nom,krip + -as (abstrait),expansion T2 (abstrait)
stul,n,"tige, tronc, bois vivant",nom,racine,expansion T2 ; grappe : les plantes et arbres
stular,n,"le bûcheron, celui qui coupe les tiges",nom,stul + -ar (agentif),expansion T2 (agentif)
stulut,n,"le bois coupé, la bille",nom,stul + -ut (résultatif),expansion T2 (résultatif)
stulil,n,"la hache, l'outil de coupe",nom,stul + -il (instrumental),expansion T2 (instrumental)
plas,n,"fleur, floraison, éclat coloré",nom,racine,expansion T2 ; grappe : les plantes et arbres
plasar,n,celui qui cueille les fleurs,nom,plas + -ar (agentif),expansion T2 (agentif)
plasas,n,"la floraison, l'époque des fleurs",nom,plas + -as (abstrait),expansion T2 (abstrait)
plasus,v.stat,"avoir envie de fleurs, désirer la beauté",verbe statif,plas + -us (désidératif),expansion T2 (désidératif)
skin,n,"graine, semence, germe",nom,racine,expansion T2 ; grappe : les plantes et arbres
skinar,n,"celui qui sème, le semeur",nom,skin + -ar (agentif),expansion T2 (agentif)
skinut,n,le grain récolté,nom,skin + -ut (résultatif),expansion T2 (résultatif)
skinus,v.stat,avoir besoin de semences,verbe statif,skin + -us (désidératif),expansion T2 (désidératif)
tul,v.stat,"croître, grandir, développement végétal",verbe statif,racine,expansion T2 ; grappe : les plantes et arbres
tular,n,"ce qui pousse, la plante croissante",nom,tul + -ar (agentif),expansion T2 (agentif)
tulas,n,"la croissance, l'expansion végétale",nom,tul + -as (abstrait),expansion T2 (abstrait)
kʼatul,v.stat,"cesser de croître, être rabougri",verbe statif,tul + kʼa- (privatif),expansion T2 (privatif)
nils,n,"épine, piquant, protection",nom,racine,expansion T2 ; grappe : les plantes et arbres
nilsar,n,"celui qui pique, créature épineuse",nom,nils + -ar (agentif),expansion T2 (agentif)
nilsas,n,"l'épineté, la dureté",nom,nils + -as (abstrait),expansion T2 (abstrait)
kʼanils,v.stat,"sans épines, lisse",verbe statif,nils + kʼa- (privatif),expansion T2 (privatif)
klit,n,"branche, ramification, embranchement",nom,racine,expansion T2 ; grappe : les plantes et arbres
klitar,n,celui qui taille les branches,nom,klit + -ar (agentif),expansion T2 (agentif)
klitil,n,la serpette à élaguer,nom,klit + -il (instrumental),expansion T2 (instrumental)
klitas,n,"le réseau de branches, la ramure",nom,klit + -as (abstrait),expansion T2 (abstrait)
prim,v.stat,"être vert, être frais, être vivant",verbe statif,racine,expansion T2 ; grappe : les plantes et arbres
primas,n,"la fraîcheur, la vie végétale",nom,prim + -as (abstrait),expansion T2 (abstrait)
kʼaprim,v.stat,"être sec, flétri, mort",verbe statif,prim + kʼa- (privatif),expansion T2 (privatif)
lit,n,"écorce, peau protectrice, enveloppe",nom,racine,expansion T2 ; grappe : les plantes et arbres
litar,n,"celui qui pèle, qui écorce",nom,lit + -ar (agentif),expansion T2 (agentif)
litut,n,"l'écorce levée, la bande de liber",nom,lit + -ut (résultatif),expansion T2 (résultatif)
kʼalit,v.stat,"sans écorce, dénudé",verbe statif,lit + kʼa- (privatif),expansion T2 (privatif)
urik,v.stat,"fleurir, s'épanouir, être en fleur",verbe statif,racine,expansion T2 ; grappe : les plantes et arbres
urikar,n,"la fleur épanouie, la plante en fleur",nom,urik + -ar (agentif),expansion T2 (agentif)
urikas,n,"la floraison, l'épanouissement",nom,urik + -as (abstrait),expansion T2 (abstrait)
kal,n,"pierre, roche, minéral",nom,racine,expansion T2 ; grappe : la nature et le paysage
kalar,n,celui qui taille la pierre,nom,kal + -ar (agentif),expansion T2 (agentif)
kalut,n,"caillou, fragment de pierre",nom,kal + -ut (résultatif),expansion T2 (résultatif)
kalil,n,"outil de pierre, marteau",nom,kal + -il (instrumental),expansion T2 (instrumental)
sun,n,"soleil, lumière, chaleur",nom,racine,expansion T2 ; grappe : la nature et le paysage
sunas,n,"luminosité, éclat",nom,sun + -as (abstrait),expansion T2 (abstrait)
kʼasun,v.stat,"obscurité, absence de lumière",verbe statif,sun + kʼa- (privatif),expansion T2 (privatif)
turp,n,"eau, fleuve, lac, humidité",nom,racine,expansion T2 ; grappe : la nature et le paysage
turpar,n,"celui qui navigue, batelier",nom,turp + -ar (agentif),expansion T2 (agentif)
turput,n,"goutte d'eau, source",nom,turp + -ut (résultatif),expansion T2 (résultatif)
turpil,n,récipient pour l'eau,nom,turp + -il (instrumental),expansion T2 (instrumental)
hak,n,"montagne, pic, hauteur escarpée",nom,racine,expansion T2 ; grappe : la nature et le paysage
hakar,n,"montagnard, alpiniste",nom,hak + -ar (agentif),expansion T2 (agentif)
hakas,n,"altitude, terrain montagneux",nom,hak + -as (abstrait),expansion T2 (abstrait)
tal,n,"vallée, dépression, terrain bas",nom,racine,expansion T2 ; grappe : la nature et le paysage
talar,n,habitant de vallée,nom,tal + -ar (agentif),expansion T2 (agentif)
talas,n,topographie basse,nom,tal + -as (abstrait),expansion T2 (abstrait)
rix,n,"arbre, bois, forêt, végétation ligneuse",nom,racine,expansion T2 ; grappe : la nature et le paysage
rixar,n,"bûcheron, forestier",nom,rix + -ar (agentif),expansion T2 (agentif)
rixut,n,"branche, morceau de bois",nom,rix + -ut (résultatif),expansion T2 (résultatif)
rixil,n,"hache, outil de bois",nom,rix + -il (instrumental),expansion T2 (instrumental)
mun,n,"terre, sol, terreau, substance du sol",nom,racine,expansion T2 ; grappe : la nature et le paysage
munar,n,"fermier, laboureur",nom,mun + -ar (agentif),expansion T2 (agentif)
munut,n,"grain de terre, poussière",nom,mun + -ut (résultatif),expansion T2 (résultatif)
munas,n,"fertilité, domaine terrestre",nom,mun + -as (abstrait),expansion T2 (abstrait)
pals,n,"pluie, nuage, précipitation",nom,racine,expansion T2 ; grappe : la nature et le paysage
palsar,n,celui qui observé la météo,nom,pals + -ar (agentif),expansion T2 (agentif)
palsus,v.stat,"avoir soif, besoin d'eau",verbe statif,pals + -us (désidératif),expansion T2 (désidératif)
kʼapals,v.stat,"sécheresse, absence de pluie",verbe statif,pals + kʼa- (privatif),expansion T2 (privatif)
kir,v.stat,"brûler, flamber, incendier",verbe statif,racine,expansion T2 ; grappe : la nature et le paysage
kirar,n,celui qui allume le feu,nom,kir + -ar (agentif),expansion T2 (agentif)
kirut,n,"flamme, cendre",nom,kir + -ut (résultatif),expansion T2 (résultatif)
kiras,n,"chaleur, incendie",nom,kir + -as (abstrait),expansion T2 (abstrait)
has,n,"herbe, gazon, prairie, végétal bas",nom,racine,expansion T2 ; grappe : la nature et le paysage
hasar,n,"celui qui fauche, faucheur",nom,has + -ar (agentif),expansion T2 (agentif)
hasut,n,"brin d'herbe, touffe",nom,has + -ut (résultatif),expansion T2 (résultatif)
hasil,n,"faux, outil de fauchage",nom,has + -il (instrumental),expansion T2 (instrumental)
lun,n,"lune, astre nocturne, clarté lunaire",nom,racine,expansion T2 ; grappe : la nature et le paysage
lunar,n,celui qui observe la lune,nom,lun + -ar (agentif),expansion T2 (agentif)
lunas,n,luminescence nocturne,nom,lun + -as (abstrait),expansion T2 (abstrait)
skul,n,"fleur, bourgeon, épanouissement floral",nom,racine,expansion T2 ; grappe : la nature et le paysage
skular,n,"celui qui cueille les fleurs, fleuriste",nom,skul + -ar (agentif),expansion T2 (agentif)
skulut,n,"pétale, graine florale",nom,skul + -ut (résultatif),expansion T2 (résultatif)
skulas,n,"floraison, beauté florale",nom,skul + -as (abstrait),expansion T2 (abstrait)
prum,v.stat,"geler, figer, être froid, cristalliser",verbe statif,racine,expansion T2 ; grappe : la nature et le paysage
prumut,n,"glaçon, givre, cristal de glace",nom,prum + -ut (résultatif),expansion T2 (résultatif)
prumas,n,"froideur, hiver",nom,prum + -as (abstrait),expansion T2 (abstrait)
prumus,v.stat,"avoir froid, frissoner",verbe statif,prum + -us (désidératif),expansion T2 (désidératif)
stak,n,"eau, liquide, flux hydrique",nom,racine,"expansion T2 ; grappe : l'eau, le feu, l'air, la terre"
stakar,n,celui qui puise/transporte l'eau,nom,stak + -ar (agentif),expansion T2 (agentif)
stakut,n,"la masse d'eau, le volume liquide",nom,stak + -ut (résultatif),expansion T2 (résultatif)
stakil,n,"récipient à eau, puisoir",nom,stak + -il (instrumental),expansion T2 (instrumental)
naks,n,"goutte, petite portion d'eau",nom,racine,"expansion T2 ; grappe : l'eau, le feu, l'air, la terre"
naksut,n,la goutte formée,nom,naks + -ut (résultatif),expansion T2 (résultatif)
naksas,n,"la gouttelette, le phénomène de goutte à goutte",nom,naks + -as (abstrait),expansion T2 (abstrait)
kirt,n,"cendre, résidu du feu",nom,racine,"expansion T2 ; grappe : l'eau, le feu, l'air, la terre"
kirtut,n,la masse cendreuse,nom,kirt + -ut (résultatif),expansion T2 (résultatif)
kirtas,n,la poussière de cendre,nom,kirt + -as (abstrait),expansion T2 (abstrait)
aril,n,"air, vent, respiration",nom,racine,"expansion T2 ; grappe : l'eau, le feu, l'air, la terre"
arilar,n,celui qui respire/celui de l'air,nom,aril + -ar (agentif),expansion T2 (agentif)
arilus,v.stat,"avoir besoin d'air, étouffer",verbe statif,aril + -us (désidératif),expansion T2 (désidératif)
arilas,n,"la ventilation, le mouvement de l'air",nom,aril + -as (abstrait),expansion T2 (abstrait)
lust,v,"souffler, venter, agiter l'air",radical verbal,racine,"expansion T2 ; grappe : l'eau, le feu, l'air, la terre"
lustut,n,"la rafale, le coup de vent",nom,lust + -ut (résultatif),expansion T2 (résultatif)
lustil,n,"le ventail, le soufflet",nom,lust + -il (instrumental),expansion T2 (instrumental)
mixt,n,"brume, brouillard, vapeur",nom,racine,"expansion T2 ; grappe : l'eau, le feu, l'air, la terre"
mixtut,n,la masse de brume,nom,mixt + -ut (résultatif),expansion T2 (résultatif)
mixtas,n,le phénomène de brumisation,nom,mixt + -as (abstrait),expansion T2 (abstrait)
kalt,v,"creuser, fouir, excaver",radical verbal,racine,"expansion T2 ; grappe : l'eau, le feu, l'air, la terre"
kaltut,n,"le trou creusé, l'excavation",nom,kalt + -ut (résultatif),expansion T2 (résultatif)
kaltas,n,l'action de creuser,nom,kalt + -as (abstrait),expansion T2 (abstrait)
puls,n,"pierre, roche, minéral",nom,racine,"expansion T2 ; grappe : l'eau, le feu, l'air, la terre"
pulsar,n,celui qui taille la pierre,nom,puls + -ar (agentif),expansion T2 (agentif)
pulsut,n,le bloc de pierre,nom,puls + -ut (résultatif),expansion T2 (résultatif)
pulsas,n,"la rocaille, l'ensemble pierreux",nom,puls + -as (abstrait),expansion T2 (abstrait)
tran,v,"humidifier, tremper, imbiber",radical verbal,racine,"expansion T2 ; grappe : l'eau, le feu, l'air, la terre"
tranut,n,la substance imbibée,nom,tran + -ut (résultatif),expansion T2 (résultatif)
harp,v.stat,"être chaud, chaleureux, ardent",verbe statif,racine,"expansion T2 ; grappe : l'eau, le feu, l'air, la terre"
harpas,n,"la chaleur, la température",nom,harp + -as (abstrait),expansion T2 (abstrait)
talp,n,"durée, intervalle de temps",nom,racine,"expansion T2 ; grappe : le temps qui passe (jour, an, saison)"
talpus,v.stat,"désirer attendre, vouloir que le temps passe",verbe statif,talp + -us (désidératif),expansion T2 (désidératif)
talpas,n,"la durée, le laps de temps",nom,talp + -as (abstrait),expansion T2 (abstrait)
xirn,n,"cyclicité, retour périodique",nom,racine,"expansion T2 ; grappe : le temps qui passe (jour, an, saison)"
xirnas,n,"l'ordre cyclique, la périodicité",nom,xirn + -as (abstrait),expansion T2 (abstrait)
xirnar,n,"celui qui revient, ce qui est cyclique",nom,xirn + -ar (agentif),expansion T2 (agentif)
kilt,n,"fin, coucher, déclin",nom,racine,"expansion T2 ; grappe : le temps qui passe (jour, an, saison)"
kiltar,n,"celui qui termine, finisseur",nom,kilt + -ar (agentif),expansion T2 (agentif)
kiltas,n,"la fin, l'achèvement",nom,kilt + -as (abstrait),expansion T2 (abstrait)
stirn,v.stat,"vieillir, s'écouler (pour le temps)",verbe statif,racine,"expansion T2 ; grappe : le temps qui passe (jour, an, saison)"
stirnas,n,"la vieillesse, l'usure du temps",nom,stirn + -as (abstrait),expansion T2 (abstrait)
stirnus,v.stat,souhaiter que le temps avance,verbe statif,stirn + -us (désidératif),expansion T2 (désidératif)
prank,n,"saison, période saisonnière",nom,racine,"expansion T2 ; grappe : le temps qui passe (jour, an, saison)"
prankar,n,celui qui vit selon les saisons,nom,prank + -ar (agentif),expansion T2 (agentif)
prankas,n,"l'essence saisonnière, les caractères d'une saison",nom,prank + -as (abstrait),expansion T2 (abstrait)
mul,n,"nuit, obscurité temporelle",nom,racine,"expansion T2 ; grappe : le temps qui passe (jour, an, saison)"
mulut,n,"ce qui est produit la nuit, la nocturnité",nom,mul + -ut (résultatif),expansion T2 (résultatif)
mulas,n,la nature nocturne,nom,mul + -as (abstrait),expansion T2 (abstrait)
kirn,n,"an, année, grand cycle",nom,racine,"expansion T2 ; grappe : le temps qui passe (jour, an, saison)"
kirnar,n,celui qui marque l'année,nom,kirn + -ar (agentif),expansion T2 (agentif)
kirnas,n,l'ordre annuel,nom,kirn + -as (abstrait),expansion T2 (abstrait)
sink,v.stat,"s'allonger, durer longuement",verbe statif,racine,"expansion T2 ; grappe : le temps qui passe (jour, an, saison)"
sinkus,v.stat,"désirer la longueur, souhaiter que cela dure",verbe statif,sink + -us (désidératif),expansion T2 (désidératif)
sinkas,n,la durée prolongée,nom,sink + -as (abstrait),expansion T2 (abstrait)
plist,n,"instant, moment fugace",nom,racine,"expansion T2 ; grappe : le temps qui passe (jour, an, saison)"
plistut,n,"ce qui naît du moment, l'éphémère",nom,plist + -ut (résultatif),expansion T2 (résultatif)
plistas,n,l'instantanéité,nom,plist + -as (abstrait),expansion T2 (abstrait)
halt,v.stat,"passer, avancer (du temps)",verbe statif,racine,"expansion T2 ; grappe : le temps qui passe (jour, an, saison)"
haltus,v.stat,désirer que le temps passe,verbe statif,halt + -us (désidératif),expansion T2 (désidératif)
haltas,n,"l'écoulement, la progression",nom,halt + -as (abstrait),expansion T2 (abstrait)
murp,n,"automne, déclin de l'année",nom,racine,"expansion T2 ; grappe : le temps qui passe (jour, an, saison)"
murpar,n,"celui qui dépérit, créature automnale",nom,murp + -ar (agentif),expansion T2 (agentif)
murpas,n,l'essence du déclin saisonnier,nom,murp + -as (abstrait),expansion T2 (abstrait)
hirk,n,"passé, ce qui s'est écoulé",nom,racine,"expansion T2 ; grappe : le temps qui passe (jour, an, saison)"
hirkil,n,"l'outil-pour-se-souvenir du passé, mémoire",nom,hirk + -il (instrumental),expansion T2 (instrumental)
hirkas,n,la qualité de ce qui est passé,nom,hirk + -as (abstrait),expansion T2 (abstrait)
hurn,v.stat,"être élevé, en haut, occuper une altitude supérieure",verbe statif,racine,"expansion T2 ; grappe : l'espace et la position (haut, bas, dedans, dehors)"
hurnas,n,"altitude, hauteur (domaine/qualité)",nom,hurn + -as (abstrait),expansion T2 (abstrait)
xul,v.stat,"être intérieur, dedans, contenu",verbe statif,racine,"expansion T2 ; grappe : l'espace et la position (haut, bas, dedans, dehors)"
xulas,n,"intériorité, l'intérieur (domaine)",nom,xul + -as (abstrait),expansion T2 (abstrait)
kʼaxul,v.stat,"être extérieur, dehors",verbe statif,xul + kʼa- (privatif),expansion T2 (privatif)
nirk,v.stat,"être dehors, extérieur, au-delà",verbe statif,racine,"expansion T2 ; grappe : l'espace et la position (haut, bas, dedans, dehors)"
nirkas,n,"extériorité, l'extérieur (domaine)",nom,nirk + -as (abstrait),expansion T2 (abstrait)
nirkar,n,"celui qui est dehors, étranger",nom,nirk + -ar (agentif),expansion T2 (agentif)
prats,v.stat,"être plat, horizontal, au même niveau",verbe statif,racine,"expansion T2 ; grappe : l'espace et la position (haut, bas, dedans, dehors)"
pratsas,n,"platitude, l'horizontalité (domaine)",nom,prats + -as (abstrait),expansion T2 (abstrait)
pratsil,n,"surface plate, plan",nom,prats + -il (instrumental),expansion T2 (instrumental)
lank,v.stat,"être liminal, à la frontière, à la limite",verbe statif,racine,"expansion T2 ; grappe : l'espace et la position (haut, bas, dedans, dehors)"
lankas,n,"limite, frontière (domaine)",nom,lank + -as (abstrait),expansion T2 (abstrait)
lankar,n,celui qui garde la limite,nom,lank + -ar (agentif),expansion T2 (agentif)
pils,v,"traverser, passer à travers, franchir",radical verbal,racine,"expansion T2 ; grappe : l'espace et la position (haut, bas, dedans, dehors)"
pilsar,n,"celui qui traverse, passant",nom,pils + -ar (agentif),expansion T2 (agentif)
pilsut,n,"passage, trajet",nom,pils + -ut (résultatif),expansion T2 (résultatif)
tulk,v.stat,"être aux extrémités, marginal, périphérique",verbe statif,racine,"expansion T2 ; grappe : l'espace et la position (haut, bas, dedans, dehors)"
tulkas,n,"marginalité, extrémité (domaine)",nom,tulk + -as (abstrait),expansion T2 (abstrait)
tulkar,n,"celui à la marge, marginal",nom,tulk + -ar (agentif),expansion T2 (agentif)
trik,v,"aller, se mouvoir en avant (mouvement directionnel)",radical verbal,racine,expansion T2 ; grappe : le mouvement et le déplacement
trikar,n,"celui qui va, voyageur",nom,trik + -ar (agentif),expansion T2 (agentif)
trikas,n,"le voyage, le trajet",nom,trik + -as (abstrait),expansion T2 (abstrait)
trikus,v.stat,"avoir envie d'aller, désirer se mouvoir",verbe statif,trik + -us (désidératif),expansion T2 (désidératif)
spin,v,"courir, se précipiter (mouvement rapide)",radical verbal,racine,expansion T2 ; grappe : le mouvement et le déplacement
spinar,n,"coureur, celui qui court",nom,spin + -ar (agentif),expansion T2 (agentif)
spinas,n,"la course, la vitesse",nom,spin + -as (abstrait),expansion T2 (abstrait)
spinus,v.stat,avoir envie de courir,verbe statif,spin + -us (désidératif),expansion T2 (désidératif)
palt,v,"sauter, bondir, faire un saut",radical verbal,racine,expansion T2 ; grappe : le mouvement et le déplacement
paltar,n,celui qui saute,nom,palt + -ar (agentif),expansion T2 (agentif)
paltut,n,le saut,nom,palt + -ut (résultatif),expansion T2 (résultatif)
paltil,n,ce qui fait sauter (tremplin),nom,palt + -il (instrumental),expansion T2 (instrumental)
hulk,v,"tomber, descendre précipitamment",radical verbal,racine,expansion T2 ; grappe : le mouvement et le déplacement
hulkut,n,la chute,nom,hulk + -ut (résultatif),expansion T2 (résultatif)
hulkas,n,la chute (domaine abstrait),nom,hulk + -as (abstrait),expansion T2 (abstrait)
mirk,v,"monter, aller vers le haut",radical verbal,racine,expansion T2 ; grappe : le mouvement et le déplacement
mirkar,n,celui qui monte,nom,mirk + -ar (agentif),expansion T2 (agentif)
mirkut,n,"la montée, l'ascension",nom,mirk + -ut (résultatif),expansion T2 (résultatif)
mirkus,v.stat,avoir envie de monter,verbe statif,mirk + -us (désidératif),expansion T2 (désidératif)
plis,v,"plier, courber son trajet ou son corps",radical verbal,racine,expansion T2 ; grappe : le mouvement et le déplacement
plisar,n,celui qui se plie,nom,plis + -ar (agentif),expansion T2 (agentif)
plisut,n,"le pli, la courbure",nom,plis + -ut (résultatif),expansion T2 (résultatif)
plisil,n,"articulation, charnière",nom,plis + -il (instrumental),expansion T2 (instrumental)
rilk,v,"naviguer, se déplacer sur l'eau",radical verbal,racine,expansion T2 ; grappe : le mouvement et le déplacement
rilkar,n,"marin, navigateur",nom,rilk + -ar (agentif),expansion T2 (agentif)
rilkil,n,"voile, bateau (outil de navigation)",nom,rilk + -il (instrumental),expansion T2 (instrumental)
rilkas,n,"la navigation, le voyage maritime",nom,rilk + -as (abstrait),expansion T2 (abstrait)
nust,v,"suivre, venir après quelqu'un (mouvement de suite)",radical verbal,racine,expansion T2 ; grappe : le mouvement et le déplacement
nustar,n,"disciple, celui qui suit",nom,nust + -ar (agentif),expansion T2 (agentif)
nustas,n,"la suite, l'ordre",nom,nust + -as (abstrait),expansion T2 (abstrait)
nustus,v.stat,avoir besoin de suivre,verbe statif,nust + -us (désidératif),expansion T2 (désidératif)
hurs,v,"fuir, s'échapper rapidement",radical verbal,racine,expansion T2 ; grappe : le mouvement et le déplacement
hursar,n,"fugitif, celui qui fuit",nom,hurs + -ar (agentif),expansion T2 (agentif)
hursut,n,"la fuite, l'évasion",nom,hurs + -ut (résultatif),expansion T2 (résultatif)
hursus,v.stat,"avoir peur, vouloir fuir",verbe statif,hurs + -us (désidératif),expansion T2 (désidératif)
sik,v,"percevoir visuellement, voir, apercevoir",radical verbal,racine,"expansion T2 ; grappe : la perception (voir, entendre, sentir, toucher)"
sikar,n,"celui qui voit, voyant",nom,sik + -ar (agentif),expansion T2 (agentif)
sikut,n,"ce qui est vu, vision",nom,sik + -ut (résultatif),expansion T2 (résultatif)
sikil,n,"l'œil, l'organe de la vision",nom,sik + -il (instrumental),expansion T2 (instrumental)
sikus,v.stat,"avoir besoin de voir, chercher à regarder",verbe statif,sik + -us (désidératif),expansion T2 (désidératif)
plik,v,"toucher, sentir par le toucher, palper",radical verbal,racine,"expansion T2 ; grappe : la perception (voir, entendre, sentir, toucher)"
plikar,n,"celui qui touche, palpeur",nom,plik + -ar (agentif),expansion T2 (agentif)
plikil,n,"la main, l'outil du toucher",nom,plik + -il (instrumental),expansion T2 (instrumental)
plikus,v.stat,"avoir envie de toucher, être curieux tactile",verbe statif,plik + -us (désidératif),expansion T2 (désidératif)
lirk,v.stat,"être audible, résonner, se faire entendre",verbe statif,racine,"expansion T2 ; grappe : la perception (voir, entendre, sentir, toucher)"
lirkut,n,"le bruit, le son résonnant",nom,lirk + -ut (résultatif),expansion T2 (résultatif)
lirkas,n,"l'audibilité, la sonorité",nom,lirk + -as (abstrait),expansion T2 (abstrait)
kʼalirk,v.stat,"être silencieux, inaudible",verbe statif,lirk + kʼa- (privatif),expansion T2 (privatif)
mak,v.stat,"sentir bon, avoir une bonne odeur, être parfumé",verbe statif,racine,"expansion T2 ; grappe : la perception (voir, entendre, sentir, toucher)"
makut,n,"le bon parfum, l'arôme",nom,mak + -ut (résultatif),expansion T2 (résultatif)
makas,n,"la qualité de sentir bon, le parfum",nom,mak + -as (abstrait),expansion T2 (abstrait)
punk,v.stat,"sentir mauvais, puer, être nauséabond",verbe statif,racine,"expansion T2 ; grappe : la perception (voir, entendre, sentir, toucher)"
punkut,n,"la mauvaise odeur, la puanteur",nom,punk + -ut (résultatif),expansion T2 (résultatif)
punkas,n,"la puanteur, l'infection olfactive",nom,punk + -as (abstrait),expansion T2 (abstrait)
kʼapunk,v.stat,"être inodore, sans odeur",verbe statif,punk + kʼa- (privatif),expansion T2 (privatif)
krix,v.stat,"être rugueux, rêche, âpre au toucher",verbe statif,racine,"expansion T2 ; grappe : la perception (voir, entendre, sentir, toucher)"
krixut,n,"la rugosité, la surface rêche",nom,krix + -ut (résultatif),expansion T2 (résultatif)
krixas,n,"l'âpreté, la texture rugueuse",nom,krix + -as (abstrait),expansion T2 (abstrait)
kʼakrix,v.stat,"devenir lisse, perdre la rugosité",verbe statif,krix + kʼa- (privatif),expansion T2 (privatif)
pik,v.stat,"être lumineux, briller, rayonner de lumière",verbe statif,racine,"expansion T2 ; grappe : la perception (voir, entendre, sentir, toucher)"
pikut,n,"la lumière, l'éclat",nom,pik + -ut (résultatif),expansion T2 (résultatif)
pikas,n,"la luminosité, l'éclat",nom,pik + -as (abstrait),expansion T2 (abstrait)
kʼapik,v.stat,"être obscur, non lumineux",verbe statif,pik + kʼa- (privatif),expansion T2 (privatif)
xunk,v.stat,"être sombre, obscur, sans lumière",verbe statif,racine,"expansion T2 ; grappe : la perception (voir, entendre, sentir, toucher)"
xunkut,n,"l'obscurité, l'ombre",nom,xunk + -ut (résultatif),expansion T2 (résultatif)
xunkas,n,"l'obscurité, l'état sombre",nom,xunk + -as (abstrait),expansion T2 (abstrait)
kral,v,"observer attentivement, épier, scruter",radical verbal,racine,"expansion T2 ; grappe : la perception (voir, entendre, sentir, toucher)"
kralar,n,"l'observateur, l'espion",nom,kral + -ar (agentif),expansion T2 (agentif)
kralil,n,"le regard, l'observation",nom,kral + -il (instrumental),expansion T2 (instrumental)
kralus,v.stat,"avoir envie d'observer, être curieux",verbe statif,kral + -us (désidératif),expansion T2 (désidératif)
trix,v,"examiner par le toucher, tâter, explorer tactile",radical verbal,racine,"expansion T2 ; grappe : la perception (voir, entendre, sentir, toucher)"
trixar,n,"celui qui tâte, examinateur",nom,trix + -ar (agentif),expansion T2 (agentif)
trixil,n,"l'instrument de tâtement, le doigt",nom,trix + -il (instrumental),expansion T2 (instrumental)
trixas,n,"l'examen tactile, la palpation",nom,trix + -as (abstrait),expansion T2 (abstrait)
skip,v.stat,"être transparent, laisser passer la lumière",verbe statif,racine,"expansion T2 ; grappe : la perception (voir, entendre, sentir, toucher)"
skiput,n,"la transparence, la limpidité",nom,skip + -ut (résultatif),expansion T2 (résultatif)
skipas,n,"la qualité de transparent, la clarté optique",nom,skip + -as (abstrait),expansion T2 (abstrait)
kʼaskip,v.stat,"être opaque, non transparent",verbe statif,skip + kʼa- (privatif),expansion T2 (privatif)
taks,v,"apprendre, acquérir du savoir",radical verbal,racine,expansion T2 ; grappe : la pensée et le savoir
taksar,n,"apprenant, élève",nom,taks + -ar (agentif),expansion T2 (agentif)
taksas,n,"apprentissage, savoir",nom,taks + -as (abstrait),expansion T2 (abstrait)
taksus,v.stat,avoir soif de connaissances,verbe statif,taks + -us (désidératif),expansion T2 (désidératif)
mult,v,"comprendre, saisir (intellectuellement)",radical verbal,racine,expansion T2 ; grappe : la pensée et le savoir
multar,n,"celui qui comprend, érudit",nom,mult + -ar (agentif),expansion T2 (agentif)
multut,n,"compréhension, acquis mental",nom,mult + -ut (résultatif),expansion T2 (résultatif)
multas,n,compréhension (domaine),nom,mult + -as (abstrait),expansion T2 (abstrait)
xirk,v,"mémoriser, retenir, se souvenir",radical verbal,racine,expansion T2 ; grappe : la pensée et le savoir
xirkar,n,celui qui se souvient,nom,xirk + -ar (agentif),expansion T2 (agentif)
xirkas,n,"mémoire, souvenir (domaine)",nom,xirk + -as (abstrait),expansion T2 (abstrait)
xirkil,n,"aide-mémoire, mnémonique",nom,xirk + -il (instrumental),expansion T2 (instrumental)
krim,v,"juger, évaluer, critiquer",radical verbal,racine,expansion T2 ; grappe : la pensée et le savoir
krimar,n,"juge, critique, évaluateur",nom,krim + -ar (agentif),expansion T2 (agentif)
krimas,n,"jugement, critique",nom,krim + -as (abstrait),expansion T2 (abstrait)
krimut,n,"verdict, jugement (résultat)",nom,krim + -ut (résultatif),expansion T2 (résultatif)
stalk,v,"analyser, décomposer (conceptuellement)",radical verbal,racine,expansion T2 ; grappe : la pensée et le savoir
stalkar,n,analyste,nom,stalk + -ar (agentif),expansion T2 (agentif)
stalkas,n,analyse,nom,stalk + -as (abstrait),expansion T2 (abstrait)
stalkil,n,outil d'analyse,nom,stalk + -il (instrumental),expansion T2 (instrumental)
trim,v,"douter, questionner, hésite",radical verbal,racine,expansion T2 ; grappe : la pensée et le savoir
trimar,n,"celui qui doute, sceptique",nom,trim + -ar (agentif),expansion T2 (agentif)
trimas,n,"doute, scepticisme",nom,trim + -as (abstrait),expansion T2 (abstrait)
trimus,v.stat,être dans le doute,verbe statif,trim + -us (désidératif),expansion T2 (désidératif)
liks,v,"raisonner, déduire, conclure",radical verbal,racine,expansion T2 ; grappe : la pensée et le savoir
liksar,n,"logicien, celui qui raisonne",nom,liks + -ar (agentif),expansion T2 (agentif)
liksut,n,"déduction, conclusion",nom,liks + -ut (résultatif),expansion T2 (résultatif)
liksas,n,"logique, raisonnement (domaine)",nom,liks + -as (abstrait),expansion T2 (abstrait)
silk,v,"percevoir, sentir, intuiter",radical verbal,racine,expansion T2 ; grappe : la pensée et le savoir
silkar,n,"celui qui perçoit, intuitif",nom,silk + -ar (agentif),expansion T2 (agentif)
silkas,n,"perception, intuition",nom,silk + -as (abstrait),expansion T2 (abstrait)
silkus,v.stat,avoir l'intuition de,verbe statif,silk + -us (désidératif),expansion T2 (désidératif)
pruk,v,"tester, essayer, expérimenter",radical verbal,racine,expansion T2 ; grappe : la pensée et le savoir
prukar,n,"expérimentateur, testeur",nom,pruk + -ar (agentif),expansion T2 (agentif)
prukut,n,"test, expérience",nom,pruk + -ut (résultatif),expansion T2 (résultatif)
prukil,n,instrument de test,nom,pruk + -il (instrumental),expansion T2 (instrumental)
talk,v,"parler, énoncer, produire des sons articulés",radical verbal,racine,expansion T2 ; grappe : la parole et le langage
talkar,n,"celui qui parle, locuteur",nom,talk + -ar (agentif),expansion T2 (agentif)
talkut,n,"ce qui est dit, énoncé, parole",nom,talk + -ut (résultatif),expansion T2 (résultatif)
talkil,n,"organe de la parole, voix",nom,talk + -il (instrumental),expansion T2 (instrumental)
lis,v,"écouter, percevoir par l'ouïe",radical verbal,racine,expansion T2 ; grappe : la parole et le langage
lisar,n,"celui qui écoute, auditeur",nom,lis + -ar (agentif),expansion T2 (agentif)
lisas,n,"l'écoute, l'audition",nom,lis + -as (abstrait),expansion T2 (abstrait)
skit,v,"chanter, moduler des sons mélodieux",radical verbal,racine,expansion T2 ; grappe : la parole et le langage
skitar,n,"celui qui chante, chanteur",nom,skit + -ar (agentif),expansion T2 (agentif)
skitil,n,"instrument de musique, voix chantante",nom,skit + -il (instrumental),expansion T2 (instrumental)
skitas,n,"le chant, la mélodie",nom,skit + -as (abstrait),expansion T2 (abstrait)
mink,n,"signe, symbole, marque significative",nom,racine,expansion T2 ; grappe : la parole et le langage
minkar,n,"celui qui fait des signes, signaleur",nom,mink + -ar (agentif),expansion T2 (agentif)
minkil,n,outil de signalisation,nom,mink + -il (instrumental),expansion T2 (instrumental)
minkas,n,"la signification, le sens des signes",nom,mink + -as (abstrait),expansion T2 (abstrait)
stink,v,"mémoriser, retenir en mémoire, mémoriser par cœur",radical verbal,racine,expansion T2 ; grappe : la parole et le langage
stinkar,n,celui qui mémorise,nom,stink + -ar (agentif),expansion T2 (agentif)
stinkus,v.stat,"avoir besoin de mémoriser, vouloir retenir",verbe statif,stink + -us (désidératif),expansion T2 (désidératif)
pran,v,"demander, poser une question, interroger",radical verbal,racine,expansion T2 ; grappe : la parole et le langage
pranar,n,"celui qui demande, demandeur",nom,pran + -ar (agentif),expansion T2 (agentif)
pranut,n,"question, demande",nom,pran + -ut (résultatif),expansion T2 (résultatif)
pranas,n,"l'interrogation, le questionnement",nom,pran + -as (abstrait),expansion T2 (abstrait)
pruls,v,"traduire, transférer le sens d'une langue à une autre",radical verbal,racine,expansion T2 ; grappe : la parole et le langage
prulsar,n,"celui qui traduit, traducteur",nom,pruls + -ar (agentif),expansion T2 (agentif)
prulsut,n,"traduction, rendu du sens",nom,pruls + -ut (résultatif),expansion T2 (résultatif)
prulsas,n,"l'art de traduire, la traduction",nom,pruls + -as (abstrait),expansion T2 (abstrait)
hark,v.stat,"colère, rage, irritation",verbe statif,racine,expansion T2 ; grappe : les émotions et sentiments
harkas,n,la colère (état passionnel),nom,hark + -as (abstrait),expansion T2 (abstrait)
tulm,v.stat,"honte, embarras, gêne",verbe statif,racine,expansion T2 ; grappe : les émotions et sentiments
tulmar,n,celui qui rougit,nom,tulm + -ar (agentif),expansion T2 (agentif)
kʼatulm,v.stat,"sans honte, effronté",verbe statif,tulm + kʼa- (privatif),expansion T2 (privatif)
prax,v.stat,"espoir, attente, aspiration",verbe statif,racine,expansion T2 ; grappe : les émotions et sentiments
praxus,v.stat,"avoir envie de, désirer",verbe statif,prax + -us (désidératif),expansion T2 (désidératif)
praxas,n,l'espoir (sentiment),nom,prax + -as (abstrait),expansion T2 (abstrait)
stum,v.stat,"surprise, étonnement, stupéfaction",verbe statif,racine,expansion T2 ; grappe : les émotions et sentiments
stumar,n,celui qui surprend,nom,stum + -ar (agentif),expansion T2 (agentif)
stumut,n,la chose surprenante,nom,stum + -ut (résultatif),expansion T2 (résultatif)
kurp,v.stat,"dégoût, répulsion, aversion",verbe statif,racine,expansion T2 ; grappe : les émotions et sentiments
kurpar,n,celui qui inspire du dégoût,nom,kurp + -ar (agentif),expansion T2 (agentif)
kʼakurp,v.stat,"sans répulsion, tolérant",verbe statif,kurp + kʼa- (privatif),expansion T2 (privatif)
rilm,v.stat,"nostalgie, regret, langueur",verbe statif,racine,expansion T2 ; grappe : les émotions et sentiments
rilmas,n,la nostalgie (sentiment),nom,rilm + -as (abstrait),expansion T2 (abstrait)
rilmus,v.stat,avoir nostalgie de,verbe statif,rilm + -us (désidératif),expansion T2 (désidératif)
hirm,v.stat,"culpabilité, remords, repentir",verbe statif,racine,expansion T2 ; grappe : les émotions et sentiments
hirmar,n,celui qui se repent,nom,hirm + -ar (agentif),expansion T2 (agentif)
sulm,v.stat,"solitude, isolement, abandon",verbe statif,racine,expansion T2 ; grappe : les émotions et sentiments
sulmar,n,celui qui est seul,nom,sulm + -ar (agentif),expansion T2 (agentif)
sulmus,v.stat,avoir besoin de compagnie,verbe statif,sulm + -us (désidératif),expansion T2 (désidératif)
tilk,v.stat,"envie, convoitise, jalousie",verbe statif,racine,expansion T2 ; grappe : les émotions et sentiments
tilkus,v.stat,"désirer, vouloir",verbe statif,tilk + -us (désidératif),expansion T2 (désidératif)
tilkas,n,la jalousie (sentiment),nom,tilk + -as (abstrait),expansion T2 (abstrait)
hult,v.stat,"douleur morale, peine, chagrin",verbe statif,racine,expansion T2 ; grappe : les émotions et sentiments
hultas,n,la douleur (état émotif),nom,hult + -as (abstrait),expansion T2 (abstrait)
hultar,n,celui qui souffre,nom,hult + -ar (agentif),expansion T2 (agentif)
kurt,v,"vouloir, désirer (volonté directe, impulsion)",radical verbal,racine,expansion T2 ; grappe : la volonté et le désir
kurtar,n,"celui qui veut, désireux",nom,kurt + -ar (agentif),expansion T2 (agentif)
kurtas,n,"la volonté, le désir",nom,kurt + -as (abstrait),expansion T2 (abstrait)
kurtus,v.stat,"avoir envie de, vouloir (besoin)",verbe statif,kurt + -us (désidératif),expansion T2 (désidératif)
nirm,v,"aspirer à, convoiter (désir intense, ambitieux)",radical verbal,racine,expansion T2 ; grappe : la volonté et le désir
nirmar,n,"ambitieux, celui qui aspire",nom,nirm + -ar (agentif),expansion T2 (agentif)
nirmas,n,"l'ambition, l'aspiration",nom,nirm + -as (abstrait),expansion T2 (abstrait)
nirmut,n,"l'objet convoité, la cible",nom,nirm + -ut (résultatif),expansion T2 (résultatif)
silm,v,"souhaiter, espérer (désir teinté d'espoir)",radical verbal,racine,expansion T2 ; grappe : la volonté et le désir
silmar,n,celui qui souhaite,nom,silm + -ar (agentif),expansion T2 (agentif)
silmas,n,"le souhait, l'espérance",nom,silm + -as (abstrait),expansion T2 (abstrait)
silmus,v.stat,"avoir envie que, souhaiter (état)",verbe statif,silm + -us (désidératif),expansion T2 (désidératif)
turm,v,"consentir à, accepter (volonté passive, adhésion)",radical verbal,racine,expansion T2 ; grappe : la volonté et le désir
turmar,n,celui qui consent,nom,turm + -ar (agentif),expansion T2 (agentif)
turmas,n,"le consentement, l'acceptation",nom,turm + -as (abstrait),expansion T2 (abstrait)
kʼaturm,v.stat,"refuser, ne pas vouloir",verbe statif,turm + kʼa- (privatif),expansion T2 (privatif)
maln,v,"exiger, imposer sa volonté (volonté dominante)",radical verbal,racine,expansion T2 ; grappe : la volonté et le désir
malnar,n,"celui qui exige, tyran",nom,maln + -ar (agentif),expansion T2 (agentif)
malnas,n,"l'exigence, l'ordre",nom,maln + -as (abstrait),expansion T2 (abstrait)
malnut,n,"ce qui est exigé, le commandement",nom,maln + -ut (résultatif),expansion T2 (résultatif)
tirp,v,"chérir, aimer (désir affectif, attachement)",radical verbal,racine,expansion T2 ; grappe : la volonté et le désir
tirpar,n,"celui qui chérit, amant",nom,tirp + -ar (agentif),expansion T2 (agentif)
tirpas,n,"l'affection, l'amour",nom,tirp + -as (abstrait),expansion T2 (abstrait)
tirpus,v.stat,avoir envie/besoin d'aimer,verbe statif,tirp + -us (désidératif),expansion T2 (désidératif)
hulm,v,"céder, plier (volonté faible, abandon)",radical verbal,racine,expansion T2 ; grappe : la volonté et le désir
hulmar,n,"celui qui cède, faible",nom,hulm + -ar (agentif),expansion T2 (agentif)
hulmas,n,"la faiblesse, la reddition",nom,hulm + -as (abstrait),expansion T2 (abstrait)
sturn,v,"désirer ardemment, brûler (désir passionnel)",radical verbal,racine,expansion T2 ; grappe : la volonté et le désir
sturnar,n,"celui qui brûle de désir, passionné",nom,sturn + -ar (agentif),expansion T2 (agentif)
sturnas,n,"la passion ardente, le feu",nom,sturn + -as (abstrait),expansion T2 (abstrait)
sturnus,v.stat,être en proie à la passion,verbe statif,sturn + -us (désidératif),expansion T2 (désidératif)
tark,v,"construire, assembler, ériger",radical verbal,racine,expansion T2 ; grappe : le travail et l'action
tarkar,n,"constructeur, bâtisseur",nom,tark + -ar (agentif),expansion T2 (agentif)
tarkut,n,"construction, édifice, structure",nom,tark + -ut (résultatif),expansion T2 (résultatif)
tarkil,n,"outil de construction, équipement",nom,tark + -il (instrumental),expansion T2 (instrumental)
tarkas,n,"art de construire, architecture",nom,tark + -as (abstrait),expansion T2 (abstrait)
malx,v,"mélanger, brasser, combiner",radical verbal,racine,expansion T2 ; grappe : le travail et l'action
malxar,n,"mélangeur, celui qui brasse",nom,malx + -ar (agentif),expansion T2 (agentif)
malxut,n,"mélange, mixture",nom,malx + -ut (résultatif),expansion T2 (résultatif)
malxil,n,"instrument de mélange, mixeur",nom,malx + -il (instrumental),expansion T2 (instrumental)
harn,v,"atteler, équiper, préparer",radical verbal,racine,expansion T2 ; grappe : le travail et l'action
harnar,n,celui qui attelle,nom,harn + -ar (agentif),expansion T2 (agentif)
harnut,n,"attelage, équipement",nom,harn + -ut (résultatif),expansion T2 (résultatif)
harnas,n,"préparation, harnachement",nom,harn + -as (abstrait),expansion T2 (abstrait)
spul,v,"verser, couler, répandre",radical verbal,racine,expansion T2 ; grappe : le travail et l'action
spular,n,celui qui verse,nom,spul + -ar (agentif),expansion T2 (agentif)
spulut,n,liquide versé,nom,spul + -ut (résultatif),expansion T2 (résultatif)
spulil,n,"récipient à verser, cruche",nom,spul + -il (instrumental),expansion T2 (instrumental)
trul,v,"lisser, polir, aplanir",radical verbal,racine,expansion T2 ; grappe : le travail et l'action
trular,n,"lisseur, poli​sseur",nom,trul + -ar (agentif),expansion T2 (agentif)
trulut,n,surface lissée,nom,trul + -ut (résultatif),expansion T2 (résultatif)
trulil,n,"truelle, polissoir",nom,trul + -il (instrumental),expansion T2 (instrumental)
trulas,n,"lissage, finition",nom,trul + -as (abstrait),expansion T2 (abstrait)
starn,v,"tourner, pivoter, changer de direction",radical verbal,racine,expansion T2 ; grappe : le travail et l'action
starnar,n,celui qui tourne,nom,starn + -ar (agentif),expansion T2 (agentif)
starnut,n,"rotation, pivotement",nom,starn + -ut (résultatif),expansion T2 (résultatif)
starnas,n,"mécanique de rotation, direction",nom,starn + -as (abstrait),expansion T2 (abstrait)
rant,n,"lame, tranchant, rasoir — ensemble des outils coupants",nom,racine,expansion T2 ; grappe : les outils et objets fabriqués
rantar,n,"affûteur, affûteur de lames",nom,rant + -ar (agentif),expansion T2 (agentif)
rantil,n,outil coupant,nom,rant + -il (instrumental),expansion T2 (instrumental)
rantas,n,qualité de tranchant,nom,rant + -as (abstrait),expansion T2 (abstrait)
skil,n,"mesure, jauge, étalon — outils de mesurage et précision",nom,racine,expansion T2 ; grappe : les outils et objets fabriqués
skilar,n,"mesureur, étalonniste",nom,skil + -ar (agentif),expansion T2 (agentif)
skilil,n,instrument de mesure,nom,skil + -il (instrumental),expansion T2 (instrumental)
skilas,n,système de mesure,nom,skil + -as (abstrait),expansion T2 (abstrait)
print,n,"marque, empreinte, trace — action de marquer et résultat",nom,racine,expansion T2 ; grappe : les outils et objets fabriqués
printar,n,celui qui marque,nom,print + -ar (agentif),expansion T2 (agentif)
printut,n,"la marque, l'empreinte",nom,print + -ut (résultatif),expansion T2 (résultatif)
sulp,n,"cheville, clou, fixation — éléments de jonction minimaux",nom,racine,expansion T2 ; grappe : les outils et objets fabriqués
sulpar,n,celui qui enfonce/fixe,nom,sulp + -ar (agentif),expansion T2 (agentif)
sulpil,n,l'objet de fixation,nom,sulp + -il (instrumental),expansion T2 (instrumental)
rik,n,"fenêtre, ouverture lumineuse",nom,racine,expansion T2 ; grappe : la maison et l'habitat
rikar,n,"vitrier, celui qui pose les vitres",nom,rik + -ar (agentif),expansion T2 (agentif)
rikut,n,"vitre, carreau, volet",nom,rik + -ut (résultatif),expansion T2 (résultatif)
mal,n,"sol, fondation, base, plancher",nom,racine,expansion T2 ; grappe : la maison et l'habitat
malar,n,"terrassier, fondateur",nom,mal + -ar (agentif),expansion T2 (agentif)
malas,n,"fonderie, technique du sol",nom,mal + -as (abstrait),expansion T2 (abstrait)
sur,v,"habiter, loger, résider, occuper",radical verbal,racine,expansion T2 ; grappe : la maison et l'habitat
surar,n,"habitant, résident",nom,sur + -ar (agentif),expansion T2 (agentif)
surus,v.stat,"avoir besoin d'un logis, vouloir habiter",verbe statif,sur + -us (désidératif),expansion T2 (désidératif)
tak,v,"construire, ériger, bâtir",radical verbal,racine,expansion T2 ; grappe : la maison et l'habitat
takar,n,"constructeur, bâtisseur",nom,tak + -ar (agentif),expansion T2 (agentif)
takut,n,"édifice, construction achevée",nom,tak + -ut (résultatif),expansion T2 (résultatif)
nim,v,"nettoyer, entretenir, rendre propre",radical verbal,racine,expansion T2 ; grappe : la maison et l'habitat
nimar,n,"nettoyeur, serviteur",nom,nim + -ar (agentif),expansion T2 (agentif)
nimas,n,"propreté, hygiène domestique",nom,nim + -as (abstrait),expansion T2 (abstrait)
kar,v.stat,"être fort, être solide, résister",verbe statif,racine,expansion T2 ; grappe : la maison et l'habitat
karas,n,"solidité, robustesse",nom,kar + -as (abstrait),expansion T2 (abstrait)
kʼakar,v.stat,"être fragile, manquer de solidité",verbe statif,kar + kʼa- (privatif),expansion T2 (privatif)
hast,n,"tissu, matière textile, fibre",nom,racine,expansion T2 ; grappe : les vêtements et le corps paré
hastar,n,"tisserand, celui qui travaille le tissu",nom,hast + -ar (agentif),expansion T2 (agentif)
hastil,n,"métier à tisser, outil textile",nom,hast + -il (instrumental),expansion T2 (instrumental)
hastas,n,"textilerie, art du tissage",nom,hast + -as (abstrait),expansion T2 (abstrait)
krax,v.stat,"être serré, comprimé, étroit",verbe statif,racine,expansion T2 ; grappe : les vêtements et le corps paré
kraxus,v.stat,"avoir besoin de se serrer, de compression",verbe statif,krax + -us (désidératif),expansion T2 (désidératif)
kʼakrax,v.stat,"être lâche, desserré, ample",verbe statif,krax + kʼa- (privatif),expansion T2 (privatif)
tulp,v.stat,"être souple, flexible, mou",verbe statif,racine,expansion T2 ; grappe : les vêtements et le corps paré
tulpas,n,"souplesse, flexibilité",nom,tulp + -as (abstrait),expansion T2 (abstrait)
kʼatulp,v.stat,"être rigide, dur, cassant",verbe statif,tulp + kʼa- (privatif),expansion T2 (privatif)
krak,v,"frapper, donner un coup ; fracasser",radical verbal,racine,"expansion T2 ; grappe : la guerre, le conflit, la force"
krakar,n,"celui qui frappe, combattant",nom,krak + -ar (agentif),expansion T2 (agentif)
krakut,n,"coup, fracture, dégât",nom,krak + -ut (résultatif),expansion T2 (résultatif)
krakil,n,"arme de frappe, matraque",nom,krak + -il (instrumental),expansion T2 (instrumental)
spur,v,"percer, transpercer, poignarder",radical verbal,racine,"expansion T2 ; grappe : la guerre, le conflit, la force"
spurar,n,celui qui transperce,nom,spur + -ar (agentif),expansion T2 (agentif)
spurut,n,"blessure, perforation",nom,spur + -ut (résultatif),expansion T2 (résultatif)
spuril,n,"arme pointue, lance",nom,spur + -il (instrumental),expansion T2 (instrumental)
tram,v,"piétiner, écraser, fouler",radical verbal,racine,"expansion T2 ; grappe : la guerre, le conflit, la force"
tramar,n,celui qui écrase,nom,tram + -ar (agentif),expansion T2 (agentif)
tramut,n,"trace, empreinte, dégât",nom,tram + -ut (résultatif),expansion T2 (résultatif)
tramas,n,"écrasement, destruction",nom,tram + -as (abstrait),expansion T2 (abstrait)
pins,v,"recevoir, prendre, accepter",radical verbal,racine,"expansion T2 ; grappe : l'échange, le don, la possession"
pinsar,n,"receveur, celui qui reçoit",nom,pins + -ar (agentif),expansion T2 (agentif)
pinsut,n,"cadeau reçu, présent",nom,pins + -ut (résultatif),expansion T2 (résultatif)
pinsas,n,"réception, acceptation",nom,pins + -as (abstrait),expansion T2 (abstrait)
kraxt,n,"bien, possession, propriété",nom,racine,"expansion T2 ; grappe : l'échange, le don, la possession"
kraxtar,n,"propriétaire, possesseur",nom,kraxt + -ar (agentif),expansion T2 (agentif)
kraxtus,v.stat,"désirer posséder, convoiter",verbe statif,kraxt + -us (désidératif),expansion T2 (désidératif)
kʼakraxt,v.stat,"dépourvu, sans bien",verbe statif,kraxt + kʼa- (privatif),expansion T2 (privatif)
kamp,v,"partager, distribuer, diviser",radical verbal,racine,"expansion T2 ; grappe : l'échange, le don, la possession"
kampar,n,"distributeur, celui qui partage",nom,kamp + -ar (agentif),expansion T2 (agentif)
kamput,n,"part, portion partagée",nom,kamp + -ut (résultatif),expansion T2 (résultatif)
kampas,n,"partage, distribution",nom,kamp + -as (abstrait),expansion T2 (abstrait)
hilp,v,"prêter, confier temporairement",radical verbal,racine,"expansion T2 ; grappe : l'échange, le don, la possession"
hilpar,n,prêteur,nom,hilp + -ar (agentif),expansion T2 (agentif)
hilput,n,prêt (chose prêtée),nom,hilp + -ut (résultatif),expansion T2 (résultatif)
hilpas,n,"emprunt, acte de prêter",nom,hilp + -as (abstrait),expansion T2 (abstrait)
kiln,v,"rendre, restituer, retourner",radical verbal,racine,"expansion T2 ; grappe : l'échange, le don, la possession"
kilnar,n,celui qui restitue,nom,kiln + -ar (agentif),expansion T2 (agentif)
kilnut,n,"restitution, chose rendue",nom,kiln + -ut (résultatif),expansion T2 (résultatif)
kilnas,n,restitution (acte),nom,kiln + -as (abstrait),expansion T2 (abstrait)
parx,v,"vendre, troquer contre paiement",radical verbal,racine,"expansion T2 ; grappe : l'échange, le don, la possession"
parxar,n,vendeur,nom,parx + -ar (agentif),expansion T2 (agentif)
parxut,n,marchandise vendue,nom,parx + -ut (résultatif),expansion T2 (résultatif)
parxas,n,"vente, commerce",nom,parx + -as (abstrait),expansion T2 (abstrait)
hamx,n,"prix, valeur, coût",nom,racine,"expansion T2 ; grappe : l'échange, le don, la possession"
hamxar,n,celui qui fixe le prix,nom,hamx + -ar (agentif),expansion T2 (agentif)
hamxus,v.stat,"coûter, avoir un prix",verbe statif,hamx + -us (désidératif),expansion T2 (désidératif)
tulx,n,"intérêt, bénéfice, gain d'échange",nom,racine,"expansion T2 ; grappe : l'échange, le don, la possession"
tulxar,n,bénéficiaire,nom,tulx + -ar (agentif),expansion T2 (agentif)
tulxus,v.stat,"profiter, tirer bénéfice",verbe statif,tulx + -us (désidératif),expansion T2 (désidératif)
tulxas,n,profit (état),nom,tulx + -as (abstrait),expansion T2 (abstrait)
skat,v.stat,"être nombreux, abonder, avoir en quantité",verbe statif,racine,expansion T2 ; grappe : la quantité et le nombre
skatar,n,"celui qui accumule, collecteur",nom,skat + -ar (agentif),expansion T2 (agentif)
skatas,n,"abondance, profusion, multiplicité",nom,skat + -as (abstrait),expansion T2 (abstrait)
kʼaskat,v.stat,"être rare, manquer de quantité",verbe statif,skat + kʼa- (privatif),expansion T2 (privatif)
nult,v.stat,"être vide, ne pas contenir, zéro",verbe statif,racine,expansion T2 ; grappe : la quantité et le nombre
nultas,n,"vide, absence, néant",nom,nult + -as (abstrait),expansion T2 (abstrait)
nultut,n,ce qui est vide,nom,nult + -ut (résultatif),expansion T2 (résultatif)
mirs,n,"paire, dualité, deux",nom,racine,expansion T2 ; grappe : la quantité et le nombre
mirsas,n,"dualité, binité",nom,mirs + -as (abstrait),expansion T2 (abstrait)
mirsut,n,"une paire, un couple",nom,mirs + -ut (résultatif),expansion T2 (résultatif)
trip,n,"trio, triplet, trois",nom,racine,expansion T2 ; grappe : la quantité et le nombre
tripas,n,"trinité, triplité",nom,trip + -as (abstrait),expansion T2 (abstrait)
tripar,n,"celui des trois, le tiers",nom,trip + -ar (agentif),expansion T2 (agentif)
tiln,n,"moitié, fraction, partie",nom,racine,expansion T2 ; grappe : la quantité et le nombre
tilnas,n,"fractionnalité, divisibilité",nom,tiln + -as (abstrait),expansion T2 (abstrait)
tilnut,n,un fragment,nom,tiln + -ut (résultatif),expansion T2 (résultatif)
pulx,v.stat,"être excessif, dépasser la mesure",verbe statif,racine,expansion T2 ; grappe : la quantité et le nombre
pulxas,n,"excès, débordement",nom,pulx + -as (abstrait),expansion T2 (abstrait)
kʼapulx,v.stat,"être insuffisant, manquer",verbe statif,pulx + kʼa- (privatif),expansion T2 (privatif)
malik,n,"multitude, foule, ensemble",nom,racine,expansion T2 ; grappe : la quantité et le nombre
malikas,n,"multiplicité, pluralité",nom,malik + -as (abstrait),expansion T2 (abstrait)
malikut,n,un groupe,nom,malik + -ut (résultatif),expansion T2 (résultatif)
hirp,v.stat,"augmenter, croître en nombre",verbe statif,racine,expansion T2 ; grappe : la quantité et le nombre
hirpar,n,celui qui augmente,nom,hirp + -ar (agentif),expansion T2 (agentif)
hirpas,n,"croissance, augmentation",nom,hirp + -as (abstrait),expansion T2 (abstrait)
kalp,v.stat,"distribuer équitablement, doser",verbe statif,racine,expansion T2 ; grappe : la quantité et le nombre
kalpar,n,celui qui distribue,nom,kalp + -ar (agentif),expansion T2 (agentif)
kalpil,n,l'outil de dosage,nom,kalp + -il (instrumental),expansion T2 (instrumental)
krap,v,"être étroit, serré, comprimé",radical verbal,racine,"expansion T2 ; grappe : la taille, la forme, la mesure"
krapar,n,"celui qui serre, qui comprime",nom,krap + -ar (agentif),expansion T2 (agentif)
krapas,n,"l'étroitesse, le serrement",nom,krap + -as (abstrait),expansion T2 (abstrait)
kʼakrap,v.stat,"être large, espacé (contraire)",verbe statif,krap + kʼa- (privatif),expansion T2 (privatif)
lurk,v,"être long, s'étendre",radical verbal,racine,"expansion T2 ; grappe : la taille, la forme, la mesure"
lurkut,n,la longueur (résultat mesuré),nom,lurk + -ut (résultatif),expansion T2 (résultatif)
lurkas,n,"la longueur, l'extension (qualité)",nom,lurk + -as (abstrait),expansion T2 (abstrait)
kʼalurk,v.stat,"être court, limité",verbe statif,lurk + kʼa- (privatif),expansion T2 (privatif)
krux,v,"être épais, massif",radical verbal,racine,"expansion T2 ; grappe : la taille, la forme, la mesure"
kruxas,n,"l'épaisseur, la masse",nom,krux + -as (abstrait),expansion T2 (abstrait)
kruxus,v.stat,"avoir besoin d'épaisseur, vouloir renforcer",verbe statif,krux + -us (désidératif),expansion T2 (désidératif)
kʼakrux,v.stat,"être mince, fin",verbe statif,krux + kʼa- (privatif),expansion T2 (privatif)
hirn,v,"être éparpillé, dispersé, fragmenté",radical verbal,racine,"expansion T2 ; grappe : la taille, la forme, la mesure"
hirnar,n,celui qui disperse,nom,hirn + -ar (agentif),expansion T2 (agentif)
hirnas,n,"la dispersion, la fragmentation",nom,hirn + -as (abstrait),expansion T2 (abstrait)
trak,v,"être profond, avoir de la profondeur",radical verbal,racine,"expansion T2 ; grappe : la taille, la forme, la mesure"
trakut,n,la profondeur (mesure),nom,trak + -ut (résultatif),expansion T2 (résultatif)
trakas,n,la profondeur (qualité abstraite),nom,trak + -as (abstrait),expansion T2 (abstrait)
lumk,v,"être creux, vide, concave",radical verbal,racine,"expansion T2 ; grappe : la taille, la forme, la mesure"
lumkut,n,"le vide, la concavité (résultat)",nom,lumk + -ut (résultatif),expansion T2 (résultatif)
lumkil,n,l'outil creusant,nom,lumk + -il (instrumental),expansion T2 (instrumental)
kʼalumk,v.stat,"être plein, convexe",verbe statif,lumk + kʼa- (privatif),expansion T2 (privatif)
link,v,"être mince, ténu, délicat",radical verbal,racine,"expansion T2 ; grappe : la taille, la forme, la mesure"
linkas,n,"la ténuité, la délicatesse",nom,link + -as (abstrait),expansion T2 (abstrait)
linkus,v.stat,avoir envie de finesse,verbe statif,link + -us (désidératif),expansion T2 (désidératif)
kʼalink,v.stat,"être épais, robuste",verbe statif,link + kʼa- (privatif),expansion T2 (privatif)
sil,v.stat,"être jaune, doré, aurescent",verbe statif,racine,expansion T2 ; grappe : la couleur et l'apparence
silas,n,"jaunisse, teinte dorée, aurescence",nom,sil + -as (abstrait),expansion T2 (abstrait)
silus,v.stat,"devenir jaune, jaunir",verbe statif,sil + -us (désidératif),expansion T2 (désidératif)
kʼasil,v.stat,être sans teinte jaune,verbe statif,sil + kʼa- (privatif),expansion T2 (privatif)
nuk,v.stat,"être vert, verdoyant, végétal en couleur",verbe statif,racine,expansion T2 ; grappe : la couleur et l'apparence
nukas,n,"verdeur, teinte verte, qualité verte",nom,nuk + -as (abstrait),expansion T2 (abstrait)
nukut,n,"chose verte, matière verte",nom,nuk + -ut (résultatif),expansion T2 (résultatif)
kʼanuk,v.stat,"être non-vert, fade",verbe statif,nuk + kʼa- (privatif),expansion T2 (privatif)
lum,n,"forme, contour, silhouette, profil",nom,racine,expansion T2 ; grappe : la couleur et l'apparence
lumar,n,"celui qui donne forme, sculpteur",nom,lum + -ar (agentif),expansion T2 (agentif)
lumil,n,"outil de modelage, ciseau",nom,lum + -il (instrumental),expansion T2 (instrumental)
lumas,n,"art de la forme, morphologie",nom,lum + -as (abstrait),expansion T2 (abstrait)
ham,v.stat,"être transparent, translucide, cristallin",verbe statif,racine,expansion T2 ; grappe : la couleur et l'apparence
hamas,n,"transparence, clarté optique",nom,ham + -as (abstrait),expansion T2 (abstrait)
hamus,v.stat,"vouloir voir clair, désirer la transparence",verbe statif,ham + -us (désidératif),expansion T2 (désidératif)
mart,v,"mourir, cesser de vivre, périr",radical verbal,racine,"expansion T2 ; grappe : la vie, la mort, la santé, la maladie"
martut,n,"mort, ce qui est mort",nom,mart + -ut (résultatif),expansion T2 (résultatif)
martas,n,"mort, le phénomène/domaine du trépas",nom,mart + -as (abstrait),expansion T2 (abstrait)
sal,v.stat,"être fort, vigoureux, robuste",verbe statif,racine,"expansion T2 ; grappe : la vie, la mort, la santé, la maladie"
salas,n,"force, vigueur, robustesse",nom,sal + -as (abstrait),expansion T2 (abstrait)
kʼasal,v.stat,"être faible, manquer de force",verbe statif,sal + kʼa- (privatif),expansion T2 (privatif)
pirn,v.stat,"être vieux, âgé, usé par le temps",verbe statif,racine,"expansion T2 ; grappe : la vie, la mort, la santé, la maladie"
pirnas,n,"vieillesse, l'état d'être âgé",nom,pirn + -as (abstrait),expansion T2 (abstrait)
pirnar,n,"ancien, personne âgée",nom,pirn + -ar (agentif),expansion T2 (agentif)
lik,v.stat,"être jeune, frais, vigoureux de jeunesse",verbe statif,racine,"expansion T2 ; grappe : la vie, la mort, la santé, la maladie"
likas,n,"jeunesse, l'état de jeune",nom,lik + -as (abstrait),expansion T2 (abstrait)
kʼalik,v.stat,"ne pas être jeune, être sans jeunesse",verbe statif,lik + kʼa- (privatif),expansion T2 (privatif)
xant,v,"respirer, avoir du souffle, vivre",radical verbal,racine,"expansion T2 ; grappe : la vie, la mort, la santé, la maladie"
xantar,n,"respirant, vivant (littéralement)",nom,xant + -ar (agentif),expansion T2 (agentif)
xantil,n,poumon ou outil de respiration,nom,xant + -il (instrumental),expansion T2 (instrumental)
hupt,v,"accoucher, donner naissance, être en travail",radical verbal,racine,"expansion T2 ; grappe : la vie, la mort, la santé, la maladie"
huptar,n,"accoucheuse, femme qui enfante",nom,hupt + -ar (agentif),expansion T2 (agentif)
huptut,n,"accouchement, enfantement",nom,hupt + -ut (résultatif),expansion T2 (résultatif)
prul,v.stat,"être courageux, audacieux, sans peur",verbe statif,racine,expansion T2 ; grappe : les qualités morales et le caractère
prular,n,"personne courageuse, héros",nom,prul + -ar (agentif),expansion T2 (agentif)
prulas,n,"courage, audace",nom,prul + -as (abstrait),expansion T2 (abstrait)
kʼaprul,v.stat,"être couard, lâche",verbe statif,prul + kʼa- (privatif),expansion T2 (privatif)
miln,v.stat,"être cruel, impitoyable, violent",verbe statif,racine,expansion T2 ; grappe : les qualités morales et le caractère
milnar,n,"personne cruelle, tyran",nom,miln + -ar (agentif),expansion T2 (agentif)
milnas,n,"cruauté, brutalité",nom,miln + -as (abstrait),expansion T2 (abstrait)
kʼamiln,v.stat,"être doux, clément",verbe statif,miln + kʼa- (privatif),expansion T2 (privatif)
kunt,v.stat,"être humble, modeste, soumis",verbe statif,racine,expansion T2 ; grappe : les qualités morales et le caractère
kuntar,n,personne humble,nom,kunt + -ar (agentif),expansion T2 (agentif)
kuntas,n,"humilité, modestie",nom,kunt + -as (abstrait),expansion T2 (abstrait)
kuntus,v.stat,désirer être humble,verbe statif,kunt + -us (désidératif),expansion T2 (désidératif)
rink,v.stat,"être juste, équitable, impartial",verbe statif,racine,expansion T2 ; grappe : les qualités morales et le caractère
rinkar,n,"juge, arbitre juste",nom,rink + -ar (agentif),expansion T2 (agentif)
rinkas,n,"justice, équité",nom,rink + -as (abstrait),expansion T2 (abstrait)
kʼarink,v.stat,"être injuste, partial",verbe statif,rink + kʼa- (privatif),expansion T2 (privatif)
xilm,v.stat,"être perfide, fourbe, traître au cœur",verbe statif,racine,expansion T2 ; grappe : les qualités morales et le caractère
xilmar,n,"traître, fourbe",nom,xilm + -ar (agentif),expansion T2 (agentif)
xilmas,n,"perfidie, fourberie",nom,xilm + -as (abstrait),expansion T2 (abstrait)
kʼaxilm,v.stat,"être franc, transparent",verbe statif,xilm + kʼa- (privatif),expansion T2 (privatif)
sax,v,"connaître, savoir (par expérience directe)",radical verbal,racine,"expansion T2 ; grappe : la vérité, l'erreur, la connaissance"
saxar,n,"celui qui sait, savant",nom,sax + -ar (agentif),expansion T2 (agentif)
saxas,n,"savoir, connaissance (domaine)",nom,sax + -as (abstrait),expansion T2 (abstrait)
saxus,v.stat,avoir besoin de savoir,verbe statif,sax + -us (désidératif),expansion T2 (désidératif)
tarn,v,"vérifier, tester la vérité",radical verbal,racine,"expansion T2 ; grappe : la vérité, l'erreur, la connaissance"
tarnar,n,"vérificateur, testeur",nom,tarn + -ar (agentif),expansion T2 (agentif)
tarnil,n,outil de vérification,nom,tarn + -il (instrumental),expansion T2 (instrumental)
tarnut,n,"résultat d'une vérification, test",nom,tarn + -ut (résultatif),expansion T2 (résultatif)
park,v,"mentir, tromper",radical verbal,racine,"expansion T2 ; grappe : la vérité, l'erreur, la connaissance"
parkar,n,"menteur, trompeur",nom,park + -ar (agentif),expansion T2 (agentif)
parkas,n,"mensonge, tromperie",nom,park + -as (abstrait),expansion T2 (abstrait)
lark,v.stat,"être certain, sûr",verbe statif,racine,"expansion T2 ; grappe : la vérité, l'erreur, la connaissance"
larkas,n,"certitude, assurance",nom,lark + -as (abstrait),expansion T2 (abstrait)
larkus,v.stat,désirer la certitude,verbe statif,lark + -us (désidératif),expansion T2 (désidératif)
kist,v,"croire, tenir pour vrai",radical verbal,racine,"expansion T2 ; grappe : la vérité, l'erreur, la connaissance"
kistar,n,croyant,nom,kist + -ar (agentif),expansion T2 (agentif)
kistas,n,croyance,nom,kist + -as (abstrait),expansion T2 (abstrait)
kistus,v.stat,avoir envie de croire,verbe statif,kist + -us (désidératif),expansion T2 (désidératif)
marn,v,"oublier, perdre la mémoire",radical verbal,racine,"expansion T2 ; grappe : la vérité, l'erreur, la connaissance"
marnas,n,"oubli, amnésie",nom,marn + -as (abstrait),expansion T2 (abstrait)
kʼamarn,v.stat,"se ressouvenir, retrouver la mémoire",verbe statif,marn + kʼa- (privatif),expansion T2 (privatif)
sirk,v,"prouver, démontrer",radical verbal,racine,"expansion T2 ; grappe : la vérité, l'erreur, la connaissance"
sirkar,n,"prouveur, démonstrateur",nom,sirk + -ar (agentif),expansion T2 (agentif)
sirkut,n,"preuve, démonstration",nom,sirk + -ut (résultatif),expansion T2 (résultatif)
sirkil,n,méthode de preuve,nom,sirk + -il (instrumental),expansion T2 (instrumental)
sirt,v,"discerner, distinguer le vrai du faux",radical verbal,racine,"expansion T2 ; grappe : la vérité, l'erreur, la connaissance"
sirtar,n,"celui qui discerne, sage",nom,sirt + -ar (agentif),expansion T2 (agentif)
sirtas,n,"discernement, sagesse",nom,sirt + -as (abstrait),expansion T2 (abstrait)
sirtil,n,critère de discernement,nom,sirt + -il (instrumental),expansion T2 (instrumental)
nurk,v,"gouverner, diriger, commander",radical verbal,racine,"expansion T2 ; grappe : le groupe, la foule, la société"
nurkar,n,"leader, chef, gouvernant",nom,nurk + -ar (agentif),expansion T2 (agentif)
nurkus,v.stat,"avoir soif de pouvoir, ambitionner le commandement",verbe statif,nurk + -us (désidératif),expansion T2 (désidératif)
spalm,v,"coopérer, collaborer, s'accorder",radical verbal,racine,"expansion T2 ; grappe : le groupe, la foule, la société"
spalmut,n,"le fruit de la collaboration, l'accord",nom,spalm + -ut (résultatif),expansion T2 (résultatif)
spalmas,n,"la coopération, l'harmonie",nom,spalm + -as (abstrait),expansion T2 (abstrait)
karx,v,"conflictuer, se disputer, être en désaccord",radical verbal,racine,"expansion T2 ; grappe : le groupe, la foule, la société"
karxar,n,"celui qui dispute, opposant",nom,karx + -ar (agentif),expansion T2 (agentif)
karxas,n,"la discorde, le conflit",nom,karx + -as (abstrait),expansion T2 (abstrait)
sparn,v,"transmettre, passer, hériter",radical verbal,racine,"expansion T2 ; grappe : le groupe, la foule, la société"
sparnar,n,"celui qui transmet, maître, aîné",nom,sparn + -ar (agentif),expansion T2 (agentif)
sparnut,n,"ce qui est transmis, l'héritage",nom,sparn + -ut (résultatif),expansion T2 (résultatif)
hulp,v,"interdire, défendre, établir une prohibition",radical verbal,racine,"expansion T2 ; grappe : le pouvoir, l'autorité, la loi"
hulpar,n,"celui qui interdit, gardien des règles",nom,hulp + -ar (agentif),expansion T2 (agentif)
hulput,n,"interdiction, défense",nom,hulp + -ut (résultatif),expansion T2 (résultatif)
spuk,n,"droit, prérogative, dû légal",nom,racine,"expansion T2 ; grappe : le pouvoir, l'autorité, la loi"
spukar,n,"celui qui a des droits, ayant-droit",nom,spuk + -ar (agentif),expansion T2 (agentif)
spukas,n,"système de droits, justice",nom,spuk + -as (abstrait),expansion T2 (abstrait)
pilk,v,"punir, châtier, infliger une sanction",radical verbal,racine,"expansion T2 ; grappe : le pouvoir, l'autorité, la loi"
pilkar,n,"punisseur, bourreau",nom,pilk + -ar (agentif),expansion T2 (agentif)
pilkut,n,"punition, châtiment",nom,pilk + -ut (résultatif),expansion T2 (résultatif)
pilkil,n,instrument de punition,nom,pilk + -il (instrumental),expansion T2 (instrumental)
skarn,n,"hiérarchie, rang, position dans l'ordre",nom,racine,"expansion T2 ; grappe : le pouvoir, l'autorité, la loi"
skarnar,n,"celui qui occupe un rang, dignitaire",nom,skarn + -ar (agentif),expansion T2 (agentif)
skarnas,n,système hiérarchique,nom,skarn + -as (abstrait),expansion T2 (abstrait)
maks,v,"posséder, accumuler, détenir richesse",radical verbal,racine,"expansion T2 ; grappe : l'argent, la valeur, le commerce"
maksar,n,"le possédant, celui qui détient",nom,maks + -ar (agentif),expansion T2 (agentif)
maksus,v.stat,"avoir besoin de posséder, convoiter",verbe statif,maks + -us (désidératif),expansion T2 (désidératif)
kult,n,"marché, place d'échange, économie",nom,racine,"expansion T2 ; grappe : l'argent, la valeur, le commerce"
kultar,n,le commerçant de marché,nom,kult + -ar (agentif),expansion T2 (agentif)
kultil,n,"l'étal, le lieu commercial",nom,kult + -il (instrumental),expansion T2 (instrumental)
kultas,n,"l'économie, le commerce organisé",nom,kult + -as (abstrait),expansion T2 (abstrait)
piks,n,"fabriquer, construire, créer (noyau de l'artisanat)",nom,racine,expansion T2 ; grappe : les métiers et rôles sociaux
piksar,n,"artisan, maker, fabricant",nom,piks + -ar (agentif),expansion T2 (agentif)
piksut,n,"objet fabriqué, produit, artefact",nom,piks + -ut (résultatif),expansion T2 (résultatif)
piksil,n,outil de fabrication,nom,piks + -il (instrumental),expansion T2 (instrumental)
mirp,n,"échanger, commercer, trafiquer (noyau du commerce)",nom,racine,expansion T2 ; grappe : les métiers et rôles sociaux
mirpar,n,"commerçant, marchand, négociant",nom,mirp + -ar (agentif),expansion T2 (agentif)
mirpas,n,"commerce, négoce, économie",nom,mirp + -as (abstrait),expansion T2 (abstrait)
mirput,n,"marchandise, bien échangé",nom,mirp + -ut (résultatif),expansion T2 (résultatif)
xirp,n,"soigner, guérir, traiter (noyau de la médecine)",nom,racine,expansion T2 ; grappe : les métiers et rôles sociaux
xirpar,n,"guérisseur, médecin, thérapeute",nom,xirp + -ar (agentif),expansion T2 (agentif)
xirpas,n,"médecine, art de guérir, santé",nom,xirp + -as (abstrait),expansion T2 (abstrait)
xirpil,n,"remède, instrument médical",nom,xirp + -il (instrumental),expansion T2 (instrumental)
sirn,n,"juger, arbitrer, trancher (noyau de la justice)",nom,racine,expansion T2 ; grappe : les métiers et rôles sociaux
sirnar,n,"juge, arbitre, magistrat",nom,sirn + -ar (agentif),expansion T2 (agentif)
sirnas,n,"justice, jugement, juridiction",nom,sirn + -as (abstrait),expansion T2 (abstrait)
sirnut,n,"verdict, jugement rendu",nom,sirn + -ut (résultatif),expansion T2 (résultatif)
milx,v.stat,"avoir besoin de bien public, gérer (noyau de l'administration)",verbe statif,racine,expansion T2 ; grappe : les métiers et rôles sociaux
milxar,n,"administrateur, gestionnaire, responsable",nom,milx + -ar (agentif),expansion T2 (agentif)
milxas,n,"administration, gestion, gouvernance",nom,milx + -as (abstrait),expansion T2 (abstrait)
kʼamilx,v.stat,"état de désorganisation, chaos",verbe statif,milx + kʼa- (privatif),expansion T2 (privatif)
nars,n,"carrefour, lieu de rencontre des chemins",nom,racine,"expansion T2 ; grappe : la route, le chemin, le voyage"
narsar,n,"celui du carrefour, carrefournier",nom,nars + -ar (agentif),expansion T2 (agentif)
narsil,n,"borne de carrefour, marqueur",nom,nars + -il (instrumental),expansion T2 (instrumental)
spik,v,"avancer, progresser (mouvement continu)",radical verbal,racine,"expansion T2 ; grappe : la route, le chemin, le voyage"
spikar,n,"progresseur, celui qui avance",nom,spik + -ar (agentif),expansion T2 (agentif)
spikas,n,"progression, avancée",nom,spik + -as (abstrait),expansion T2 (abstrait)
rulk,n,"descente, pente dégradante",nom,racine,"expansion T2 ; grappe : la route, le chemin, le voyage"
rulkar,n,celui qui descend,nom,rulk + -ar (agentif),expansion T2 (agentif)
rulkas,n,"descendance, pente",nom,rulk + -as (abstrait),expansion T2 (abstrait)
palm,n,"guide, compagnon de route (mentor spatial)",nom,racine,"expansion T2 ; grappe : la route, le chemin, le voyage"
palmar,n,"chef-guide, celui qui guide",nom,palm + -ar (agentif),expansion T2 (agentif)
palmil,n,"bâton de guide, repère",nom,palm + -il (instrumental),expansion T2 (instrumental)
kast,n,"étoile, point lumineux céleste",nom,racine,"expansion T2 ; grappe : le ciel, les astres, la météo"
kastar,n,observateur d'étoiles,nom,kast + -ar (agentif),expansion T2 (agentif)
kastas,n,"la constellation, l'ensemble stellaire",nom,kast + -as (abstrait),expansion T2 (abstrait)
naxt,n,"nuit, obscurité, absence de jour",nom,racine,"expansion T2 ; grappe : le ciel, les astres, la météo"
naxtar,n,créature nocturne,nom,naxt + -ar (agentif),expansion T2 (agentif)
naxtas,n,"la noirceur, le domaine de la nuit",nom,naxt + -as (abstrait),expansion T2 (abstrait)
skap,n,"nuage, masse vaporeuse aérienne",nom,racine,"expansion T2 ; grappe : le ciel, les astres, la météo"
skapar,n,celui qui observe/chevauche les nuages,nom,skap + -ar (agentif),expansion T2 (agentif)
skapil,n,l'instrument pour disperser les nuages,nom,skap + -il (instrumental),expansion T2 (instrumental)
mast,n,"lune, astre nocturne, satellite lunaire",nom,racine,"expansion T2 ; grappe : le ciel, les astres, la météo"
mastar,n,"créature lunaire, adorateur de la lune",nom,mast + -ar (agentif),expansion T2 (agentif)
mastas,n,"l'influence lunaire, les phases lunaires",nom,mast + -as (abstrait),expansion T2 (abstrait)
prut,v.stat,"tonnerre, gronder, faire du bruit céleste",verbe statif,racine,"expansion T2 ; grappe : le ciel, les astres, la météo"
prutut,n,le tonnerre (le bruit produit),nom,prut + -ut (résultatif),expansion T2 (résultatif)
prutas,n,"la sonorité tonnante, le grondement",nom,prut + -as (abstrait),expansion T2 (abstrait)
skar,n,"éclair, flash lumineux, décharge céleste",nom,racine,"expansion T2 ; grappe : le ciel, les astres, la météo"
skarar,n,celui frappé par l'éclair,nom,skar + -ar (agentif),expansion T2 (agentif)
skaril,n,le paratonnerre,nom,skar + -il (instrumental),expansion T2 (instrumental)
halx,v.stat,"geler, former du givre, refroidir extrêmement",verbe statif,racine,"expansion T2 ; grappe : le ciel, les astres, la météo"
halxut,n,"le givre, la couche gelée",nom,halx + -ut (résultatif),expansion T2 (résultatif)
halxas,n,"le froid glacial, l'état de congélation",nom,halx + -as (abstrait),expansion T2 (abstrait)
krum,n,"horizon, limite du ciel visible, sphère céleste",nom,racine,"expansion T2 ; grappe : le ciel, les astres, la météo"
krumar,n,celui qui scrute l'horizon,nom,krum + -ar (agentif),expansion T2 (agentif)
krumas,n,"l'étude de l'horizon, l'astronomie",nom,krum + -as (abstrait),expansion T2 (abstrait)
sparx,n,"aurore, aube, première lumière du jour",nom,racine,"expansion T2 ; grappe : le ciel, les astres, la météo"
sparxar,n,celui qui accueille l'aurore,nom,sparx + -ar (agentif),expansion T2 (agentif)
sparxas,n,"la rougeur aurore, la transition nuit-jour",nom,sparx + -as (abstrait),expansion T2 (abstrait)
xalt,n,"métal, substance malléable et brillante",nom,racine,expansion T2 ; grappe : les matières et matériaux
xaltar,n,"forgeron, métallurgiste",nom,xalt + -ar (agentif),expansion T2 (agentif)
xaltil,n,outil métallique,nom,xalt + -il (instrumental),expansion T2 (instrumental)
xaltas,n,"propriété métallique, lustre",nom,xalt + -as (abstrait),expansion T2 (abstrait)
mulm,n,"terre, sol, matière terreuse",nom,racine,expansion T2 ; grappe : les matières et matériaux
mulmar,n,"agriculteur, terrassier",nom,mulm + -ar (agentif),expansion T2 (agentif)
mulmut,n,"bloc de terre, brique",nom,mulm + -ut (résultatif),expansion T2 (résultatif)
mulmas,n,"territé, nature terreuse",nom,mulm + -as (abstrait),expansion T2 (abstrait)
nuxt,n,"paille, fibre pailleuse, matière légère",nom,racine,expansion T2 ; grappe : les matières et matériaux
nuxtar,n,"faiseur de nattes, vannier",nom,nuxt + -ar (agentif),expansion T2 (agentif)
nuxtut,n,"natte, tissage en paille",nom,nuxt + -ut (résultatif),expansion T2 (résultatif)
nuxtas,n,"légèreté, porosité",nom,nuxt + -as (abstrait),expansion T2 (abstrait)
tilm,n,"cendre, poudre résiduelle, matière friable",nom,racine,expansion T2 ; grappe : les matières et matériaux
tilmut,n,"tas de cendre, résidu",nom,tilm + -ut (résultatif),expansion T2 (résultatif)
tilmas,n,"friabilité, finesse poudreuse",nom,tilm + -as (abstrait),expansion T2 (abstrait)
kʼatilm,v.stat,"nettoyer, enlever la cendre",verbe statif,tilm + kʼa- (privatif),expansion T2 (privatif)
xim,n,"résine, substance visqueuse et collante",nom,racine,expansion T2 ; grappe : les matières et matériaux
ximar,n,récolteur de résine,nom,xim + -ar (agentif),expansion T2 (agentif)
ximut,n,"résine travaillée, objet",nom,xim + -ut (résultatif),expansion T2 (résultatif)
ximas,n,"viscosité, adhésivité",nom,xim + -as (abstrait),expansion T2 (abstrait)
kirm,v.stat,"être lisse, poli, sans aspérité",verbe statif,racine,expansion T2 ; grappe : les matières et matériaux
kirmas,n,"lissité, polissure, douceur",nom,kirm + -as (abstrait),expansion T2 (abstrait)
kʼakirm,v.stat,"être rugueux, non lisse",verbe statif,kirm + kʼa- (privatif),expansion T2 (privatif)
tik,v,"saisir, gripper, prendre fermement",radical verbal,racine,"expansion T2 ; grappe : les actions de la main (saisir, frapper, lancer)"
tikar,n,"celui qui saisit, preneur",nom,tik + -ar (agentif),expansion T2 (agentif)
tikil,n,"pince, outil de préhension",nom,tik + -il (instrumental),expansion T2 (instrumental)
tikus,v.stat,"avoir envie de saisir, être avide",verbe statif,tik + -us (désidératif),expansion T2 (désidératif)
lanx,v,"lancer, projeter, envoyer",radical verbal,racine,"expansion T2 ; grappe : les actions de la main (saisir, frapper, lancer)"
lanxar,n,"celui qui lance, lanceur",nom,lanx + -ar (agentif),expansion T2 (agentif)
lanxil,n,"propulseur, lance (arme)",nom,lanx + -il (instrumental),expansion T2 (instrumental)
lanxus,v.stat,avoir envie de lancer,verbe statif,lanx + -us (désidératif),expansion T2 (désidératif)
kril,v,"gratter, écorcher, frotter",radical verbal,racine,"expansion T2 ; grappe : les actions de la main (saisir, frapper, lancer)"
krilar,n,celui qui gratte,nom,kril + -ar (agentif),expansion T2 (agentif)
krilut,n,"égratignure, trace grattée",nom,kril + -ut (résultatif),expansion T2 (résultatif)
nulk,v,"malaxer, pétrir, presser",radical verbal,racine,"expansion T2 ; grappe : les actions de la main (saisir, frapper, lancer)"
nulkar,n,celui qui pétrit,nom,nulk + -ar (agentif),expansion T2 (agentif)
nulkas,n,"pétrissage, malaxage",nom,nulk + -as (abstrait),expansion T2 (abstrait)
nulkil,n,"pétrin, outil à pétrir",nom,nulk + -il (instrumental),expansion T2 (instrumental)
stirp,v,"tirer, étirer, extraire",radical verbal,racine,"expansion T2 ; grappe : les actions de la main (saisir, frapper, lancer)"
stirpar,n,celui qui tire,nom,stirp + -ar (agentif),expansion T2 (agentif)
stirpil,n,"crochet, outil pour tirer",nom,stirp + -il (instrumental),expansion T2 (instrumental)
stirput,n,ce qui est tiré,nom,stirp + -ut (résultatif),expansion T2 (résultatif)
rilt,v,"passer, glisser la main sur",radical verbal,racine,"expansion T2 ; grappe : les actions de la main (saisir, frapper, lancer)"
riltar,n,celui qui glisse,nom,rilt + -ar (agentif),expansion T2 (agentif)
riltas,n,"glissement, caresse",nom,rilt + -as (abstrait),expansion T2 (abstrait)
krup,v,"briser, casser (en morceaux)",radical verbal,racine,expansion T2 ; grappe : les actions de destruction et réparation
krupar,n,"celui qui casse, briseur",nom,krup + -ar (agentif),expansion T2 (agentif)
kruput,n,"débris, morceau cassé",nom,krup + -ut (résultatif),expansion T2 (résultatif)
krupil,n,outil pour casser,nom,krup + -il (instrumental),expansion T2 (instrumental)
xulk,v,"déchirer, lacérer",radical verbal,racine,expansion T2 ; grappe : les actions de destruction et réparation
xulkar,n,celui qui déchire,nom,xulk + -ar (agentif),expansion T2 (agentif)
xulkut,n,"déchirure, lambeau",nom,xulk + -ut (résultatif),expansion T2 (résultatif)
xulkas,n,action de déchirer,nom,xulk + -as (abstrait),expansion T2 (abstrait)
niks,v,"plier, tordre, déformer",radical verbal,racine,expansion T2 ; grappe : les actions de destruction et réparation
niksar,n,celui qui tord,nom,niks + -ar (agentif),expansion T2 (agentif)
niksut,n,"chose tordue, déformation",nom,niks + -ut (résultatif),expansion T2 (résultatif)
niksas,n,"torsion, déformation",nom,niks + -as (abstrait),expansion T2 (abstrait)
mik,v,"raccommoder, rapiécer, coudre",radical verbal,racine,expansion T2 ; grappe : les actions de destruction et réparation
mikar,n,"couturier, rapiéceur",nom,mik + -ar (agentif),expansion T2 (agentif)
mikut,n,"rapiéçage, couture de réparation",nom,mik + -ut (résultatif),expansion T2 (résultatif)
mikil,n,"aiguille, fil",nom,mik + -il (instrumental),expansion T2 (instrumental)
mulp,v,"effondrer, démolir, abattre",radical verbal,racine,expansion T2 ; grappe : les actions de destruction et réparation
mulpar,n,démolisseur,nom,mulp + -ar (agentif),expansion T2 (agentif)
mulput,n,"ruines, décombres",nom,mulp + -ut (résultatif),expansion T2 (résultatif)
mulpil,n,outil de démolition,nom,mulp + -il (instrumental),expansion T2 (instrumental)
xink,v,"frotter, user par abrasion",radical verbal,racine,expansion T2 ; grappe : les actions de destruction et réparation
xinkar,n,"ce qui frotte, abrasif",nom,xink + -ar (agentif),expansion T2 (agentif)
xinkut,n,"trace de frottement, usure",nom,xink + -ut (résultatif),expansion T2 (résultatif)
xinkas,n,"abrasion, friction",nom,xink + -as (abstrait),expansion T2 (abstrait)
prumt,v,"corriger, améliorer, rectifier",radical verbal,racine,expansion T2 ; grappe : les actions de destruction et réparation
prumtar,n,"correcteur, réviseur",nom,prumt + -ar (agentif),expansion T2 (agentif)
prumtut,n,"correction, amélioration",nom,prumt + -ut (résultatif),expansion T2 (résultatif)
prumtas,n,qualité de correction,nom,prumt + -as (abstrait),expansion T2 (abstrait)
lint,v,"se reposer, être au repos, détente",radical verbal,racine,"expansion T2 ; grappe : manger, dormir, se reposer, les besoins"
lintar,n,celui qui se repose,nom,lint + -ar (agentif),expansion T2 (agentif)
lintas,n,"repos, tranquillité, détente",nom,lint + -as (abstrait),expansion T2 (abstrait)
malp,n,"bouche, organe de manger et de boire",nom,racine,"expansion T2 ; grappe : manger, dormir, se reposer, les besoins"
malpil,n,"petit accessoire buccal, cuillère",nom,malp + -il (instrumental),expansion T2 (instrumental)
malpas,n,"goût, sensation de la bouche",nom,malp + -as (abstrait),expansion T2 (abstrait)
minx,v.stat,"être affamé, avoir une grande faim",verbe statif,racine,"expansion T2 ; grappe : manger, dormir, se reposer, les besoins"
minxas,n,"famine, grande faim",nom,minx + -as (abstrait),expansion T2 (abstrait)
minxus,v.stat,désirer intensément manger,verbe statif,minx + -us (désidératif),expansion T2 (désidératif)
rank,v,"ordonner, ranger, mettre en séquence (ordre logique)",radical verbal,racine,"expansion T2 ; grappe : les relations entre choses (cause, lien, ordre)"
rankar,n,"ordonnateur, celui qui arrange",nom,rank + -ar (agentif),expansion T2 (agentif)
rankut,n,"ordre, arrangement (résultat)",nom,rank + -ut (résultatif),expansion T2 (résultatif)
rankil,n,"liste, séquence (outil d'ordre)",nom,rank + -il (instrumental),expansion T2 (instrumental)
spunk,v,"émettre, rayonner, jaillir (source, origine)",radical verbal,racine,"expansion T2 ; grappe : les relations entre choses (cause, lien, ordre)"
spunkar,n,"émetteur, source",nom,spunk + -ar (agentif),expansion T2 (agentif)
spunkut,n,"rayonnement, émission",nom,spunk + -ut (résultatif),expansion T2 (résultatif)
spunkas,n,"source, origine (concept)",nom,spunk + -as (abstrait),expansion T2 (abstrait)
hint,n,"pensée, réflexion, acte de penser",nom,racine,"expansion T2 ; grappe : l'abstrait (idée, esprit, principe)"
hintar,n,"penseur, celui qui réfléchit",nom,hint + -ar (agentif),expansion T2 (agentif)
hintas,n,"la pensée, le domaine de la réflexion",nom,hint + -as (abstrait),expansion T2 (abstrait)
xalk,n,"sagesse, perspicacité, discernement",nom,racine,"expansion T2 ; grappe : l'abstrait (idée, esprit, principe)"
xalkar,n,"sage, celui qui discerne",nom,xalk + -ar (agentif),expansion T2 (agentif)
xalkas,n,la sphère de la sagesse,nom,xalk + -as (abstrait),expansion T2 (abstrait)
plink,v.stat,"ignorer, oublier, faire table rase",verbe statif,racine,"expansion T2 ; grappe : l'abstrait (idée, esprit, principe)"
plinkar,n,"celui qui oublie, amnésique",nom,plink + -ar (agentif),expansion T2 (agentif)
kʼaplink,v.stat,"se souvenir, retrouver la mémoire",verbe statif,plink + kʼa- (privatif),expansion T2 (privatif)
pranx,n,"paradoxe, contradiction, aporie",nom,racine,"expansion T2 ; grappe : l'abstrait (idée, esprit, principe)"
pranxas,n,"le domaine du paradoxal, la logique tordue",nom,pranx + -as (abstrait),expansion T2 (abstrait)
pranxut,n,ce qui résulte d'une contradiction conceptuelle,nom,pranx + -ut (résultatif),expansion T2 (résultatif)
trilp,v,"triller, gazouiller, vibrer musicalement",radical verbal,racine,expansion T2 ; grappe : les sons et la musique
trilpar,n,celui qui gazouille,nom,trilp + -ar (agentif),expansion T2 (agentif)
trilput,n,le gazouillement,nom,trilp + -ut (résultatif),expansion T2 (résultatif)
trilpas,n,l'art du trille,nom,trilp + -as (abstrait),expansion T2 (abstrait)
sint,v,"siffler, souffler en musique",radical verbal,racine,expansion T2 ; grappe : les sons et la musique
sintar,n,celui qui siffle,nom,sint + -ar (agentif),expansion T2 (agentif)
sintil,n,l'instrument à vent/sifflet,nom,sint + -il (instrumental),expansion T2 (instrumental)
sintus,v.stat,avoir envie de siffler,verbe statif,sint + -us (désidératif),expansion T2 (désidératif)
klam,v,"frapper, percuter, claquer",radical verbal,racine,expansion T2 ; grappe : les sons et la musique
klamar,n,celui qui frappe,nom,klam + -ar (agentif),expansion T2 (agentif)
klamut,n,le coup percuté,nom,klam + -ut (résultatif),expansion T2 (résultatif)
klamil,n,l'instrument de percussion,nom,klam + -il (instrumental),expansion T2 (instrumental)
tuls,n,"mélodie, suite de notes",nom,racine,expansion T2 ; grappe : les sons et la musique
tulsar,n,celui qui compose la mélodie,nom,tuls + -ar (agentif),expansion T2 (agentif)
tulsas,n,l'art mélodique,nom,tuls + -as (abstrait),expansion T2 (abstrait)
prant,v,"rugir, hurler fort, crier puissant",radical verbal,racine,expansion T2 ; grappe : les sons et la musique
prantar,n,celui qui rugit,nom,prant + -ar (agentif),expansion T2 (agentif)
prantut,n,le rugissement,nom,prant + -ut (résultatif),expansion T2 (résultatif)
prantas,n,la force sonore,nom,prant + -as (abstrait),expansion T2 (abstrait)
lax,v.stat,"briller, rayonner (émission lumineuse active)",verbe statif,racine,expansion T2 ; grappe : la lumière et l'obscurité
laxar,n,"celui qui brille, astre lumineux",nom,lax + -ar (agentif),expansion T2 (agentif)
laxas,n,"éclat, rayonnement, lumière vive",nom,lax + -as (abstrait),expansion T2 (abstrait)
laxus,v.stat,"avoir besoin de lumière, désirer briller",verbe statif,lax + -us (désidératif),expansion T2 (désidératif)
marx,v.stat,"diffuser la lumière, illuminer (répandre uniformément)",verbe statif,racine,expansion T2 ; grappe : la lumière et l'obscurité
marxar,n,"illuminant, ce qui diffuse",nom,marx + -ar (agentif),expansion T2 (agentif)
marxil,n,"diffuseur, lampadaire",nom,marx + -il (instrumental),expansion T2 (instrumental)
marxas,n,"illumination, clarté diffuse",nom,marx + -as (abstrait),expansion T2 (abstrait)
xurk,v.stat,"absorber la lumière, être absorbant/mat",verbe statif,racine,expansion T2 ; grappe : la lumière et l'obscurité
xurkar,n,"absorbant, matière noire",nom,xurk + -ar (agentif),expansion T2 (agentif)
xurkil,n,"absorbeur, matière absorbante",nom,xurk + -il (instrumental),expansion T2 (instrumental)
xurkas,n,"opacité absorbante, noirceur profonde",nom,xurk + -as (abstrait),expansion T2 (abstrait)
stik,v.stat,"être tiède, température intermédiaire",verbe statif,racine,expansion T2 ; grappe : le chaud et le froid
stikas,n,"tiédeur, état intermédiaire",nom,stik + -as (abstrait),expansion T2 (abstrait)
stikar,n,ce qui rend tiède,nom,stik + -ar (agentif),expansion T2 (agentif)
kilp,v.stat,"être froid, gelé",verbe statif,racine,expansion T2 ; grappe : le chaud et le froid
kilpar,n,"celui qui gèle, le froid personnifié",nom,kilp + -ar (agentif),expansion T2 (agentif)
kilput,n,"le froid accumulé, la glace",nom,kilp + -ut (résultatif),expansion T2 (résultatif)
kilpas,n,domaine/qualité du froid,nom,kilp + -as (abstrait),expansion T2 (abstrait)
kʼakilp,v.stat,"devenir chaud, se réchauffer",verbe statif,kilp + kʼa- (privatif),expansion T2 (privatif)
mark,n,"marque, trace laissée par la chaleur",nom,racine,expansion T2 ; grappe : le chaud et le froid
markar,n,celui qui marque par la chaleur,nom,mark + -ar (agentif),expansion T2 (agentif)
markut,n,"la marque, la brûlure",nom,mark + -ut (résultatif),expansion T2 (résultatif)
purt,v.stat,"fondre, dégeler",verbe statif,racine,expansion T2 ; grappe : le chaud et le froid
purtut,n,"ce qui a fondu, flaque",nom,purt + -ut (résultatif),expansion T2 (résultatif)
purtar,n,"ce qui fait fondre, chaleur dégelante",nom,purt + -ar (agentif),expansion T2 (agentif)
silx,v.stat,"brûler, consumer par le feu",verbe statif,racine,expansion T2 ; grappe : le chaud et le froid
silxut,n,"cendre, résidu brûlé",nom,silx + -ut (résultatif),expansion T2 (résultatif)
silxil,n,"le feu, l'instrument brûlant",nom,silx + -il (instrumental),expansion T2 (instrumental)
halm,v.stat,"sentir la chaleur, avoir la sensation thermique",verbe statif,racine,expansion T2 ; grappe : le chaud et le froid
halmus,v.stat,sentir le besoin de fraîcheur,verbe statif,halm + -us (désidératif),expansion T2 (désidératif)
prun,v,"peser lourd, appuyer avec poids",radical verbal,racine,"expansion T2 ; grappe : le dur et le mou, le lourd et le léger"
prunas,n,"poids, pesanteur, lourdeur",nom,prun + -as (abstrait),expansion T2 (abstrait)
prunar,n,"celui qui pèse, qui charge",nom,prun + -ar (agentif),expansion T2 (agentif)
prunil,n,"poids, chose lourde utilisée pour charger",nom,prun + -il (instrumental),expansion T2 (instrumental)
xurp,v,"être épais, massif, sans finesse",radical verbal,racine,"expansion T2 ; grappe : le dur et le mou, le lourd et le léger"
xurpas,n,"épaisseur, massivité",nom,xurp + -as (abstrait),expansion T2 (abstrait)
xurput,n,"chose épaisse, bloc massif",nom,xurp + -ut (résultatif),expansion T2 (résultatif)
xurpus,v.stat,"avoir besoin de volume, d'épaisseur",verbe statif,xurp + -us (désidératif),expansion T2 (désidératif)
sump,n,"saleté, crasse (substance impure)",nom,racine,expansion T2 ; grappe : le propre et le sale
sumpas,n,"qualité de saleté, état sale",nom,sump + -as (abstrait),expansion T2 (abstrait)
kʼasump,v.stat,"être propre, sans saleté",verbe statif,sump + kʼa- (privatif),expansion T2 (privatif)
halp,v,"asperger d'eau, arroser (humidifier)",radical verbal,racine,expansion T2 ; grappe : le propre et le sale
halpar,n,celui qui asperge,nom,halp + -ar (agentif),expansion T2 (agentif)
halput,n,"eau utilisée, aspersion",nom,halp + -ut (résultatif),expansion T2 (résultatif)
halpil,n,récipient à asperger,nom,halp + -il (instrumental),expansion T2 (instrumental)
lumx,n,"ordure, déchet (matière à rejeter)",nom,racine,expansion T2 ; grappe : le propre et le sale
lumxas,n,accumulation d'ordures,nom,lumx + -as (abstrait),expansion T2 (abstrait)
lumxar,n,celui qui gère les ordures,nom,lumx + -ar (agentif),expansion T2 (agentif)
stun,v,"s'arrêter, cesser, finir",radical verbal,racine,"expansion T2 ; grappe : commencer, finir, continuer, changer"
stunut,n,"fin, terme, arrêt",nom,stun + -ut (résultatif),expansion T2 (résultatif)
stunas,n,"finitude, achèvement",nom,stun + -as (abstrait),expansion T2 (abstrait)
kirk,v,"tourner, revenir, continuer en boucle",radical verbal,racine,"expansion T2 ; grappe : commencer, finir, continuer, changer"
kirkut,n,"tour, rotation, cycle",nom,kirk + -ut (résultatif),expansion T2 (résultatif)
kirkas,n,"cyclicité, récurrence",nom,kirk + -as (abstrait),expansion T2 (abstrait)
xuln,v,"couler, glisser, passer (flux continu)",radical verbal,racine,"expansion T2 ; grappe : commencer, finir, continuer, changer"
xulnut,n,"flux, écoulement",nom,xuln + -ut (résultatif),expansion T2 (résultatif)
xulnas,n,"continuité, fluidité",nom,xuln + -as (abstrait),expansion T2 (abstrait)
lunk,v,"lier, attacher, fixer (continuation par connexion)",radical verbal,racine,"expansion T2 ; grappe : commencer, finir, continuer, changer"
lunkar,n,"celui qui lie, connecteur",nom,lunk + -ar (agentif),expansion T2 (agentif)
lunkil,n,"lien, attache, cordage",nom,lunk + -il (instrumental),expansion T2 (instrumental)
spurn,v.stat,"être figé, immobile (non-changement)",verbe statif,racine,"expansion T2 ; grappe : commencer, finir, continuer, changer"
spurnas,n,"immobilité, stase",nom,spurn + -as (abstrait),expansion T2 (abstrait)
kʼaspurn,v.stat,"dégel, libération du figement",verbe statif,spurn + kʼa- (privatif),expansion T2 (privatif)
rulx,v,"cacher, dissimuler, enfouir",radical verbal,racine,"expansion T2 ; grappe : chercher, trouver, cacher, montrer"
rulxut,n,"ce qui est caché, secret",nom,rulx + -ut (résultatif),expansion T2 (résultatif)
rulxar,n,celui qui cache,nom,rulx + -ar (agentif),expansion T2 (agentif)
rulxil,n,"cachette, lieu de dissimulation",nom,rulx + -il (instrumental),expansion T2 (instrumental)
kalm,v,"tracer, marquer, laisser des traces",radical verbal,racine,"expansion T2 ; grappe : chercher, trouver, cacher, montrer"
kalmut,n,"trace, marque, indice",nom,kalm + -ut (résultatif),expansion T2 (résultatif)
kalmil,n,instrument de marquage,nom,kalm + -il (instrumental),expansion T2 (instrumental)
xarn,v,"chercher à tâtons, tatonnner, explorer par le toucher",radical verbal,racine,"expansion T2 ; grappe : chercher, trouver, cacher, montrer"
xarnar,n,celui qui tâtonne,nom,xarn + -ar (agentif),expansion T2 (agentif)
xarnas,n,l'exploration tactile,nom,xarn + -as (abstrait),expansion T2 (abstrait)
spilm,v,"épier, surveiller, observer en cachette",radical verbal,racine,"expansion T2 ; grappe : chercher, trouver, cacher, montrer"
spilmar,n,"espion, observateur caché",nom,spilm + -ar (agentif),expansion T2 (agentif)
spilmil,n,poste d'observation,nom,spilm + -il (instrumental),expansion T2 (instrumental)
kum,v.stat,"être visible, être apparent",verbe statif,racine,"expansion T2 ; grappe : chercher, trouver, cacher, montrer"
kumas,n,"visibilité, apparence",nom,kum + -as (abstrait),expansion T2 (abstrait)
kʼakum,v.stat,"être invisible, être caché",verbe statif,kum + kʼa- (privatif),expansion T2 (privatif)
laspir,v,"trahir, abandonner, laisser sans secours",radical verbal,racine,"expansion T2 ; grappe : aider, protéger, nuire, tromper"
laspirar,n,"traître, renégat",nom,laspir + -ar (agentif),expansion T2 (agentif)
laspirut,n,"trahison, abandon",nom,laspir + -ut (résultatif),expansion T2 (résultatif)
stulp,v,"piéger, capturer, ensnarer",radical verbal,racine,"expansion T2 ; grappe : aider, protéger, nuire, tromper"
stulpil,n,"piège, filet, trappage",nom,stulp + -il (instrumental),expansion T2 (instrumental)
stulput,n,"piégeage, capture",nom,stulp + -ut (résultatif),expansion T2 (résultatif)
stulpar,n,"piégeur, chasseur",nom,stulp + -ar (agentif),expansion T2 (agentif)
xurin,v,"ruse, stratégie, manipulation",radical verbal,racine,"expansion T2 ; grappe : aider, protéger, nuire, tromper"
xurinar,n,"rusé, manipulateur",nom,xurin + -ar (agentif),expansion T2 (agentif)
xurinas,n,"ruse (abstrait), art de la manipulation",nom,xurin + -as (abstrait),expansion T2 (abstrait)
sirm,v,"feindre, simuler, faire semblant",radical verbal,racine,"expansion T2 ; grappe : aider, protéger, nuire, tromper"
sirmar,n,"simulateur, imposteur",nom,sirm + -ar (agentif),expansion T2 (agentif)
sirmut,n,"simulation, feinte",nom,sirm + -ut (résultatif),expansion T2 (résultatif)
tirn,v.stat,"trembler de peur, être saisi de crainte",verbe statif,racine,"expansion T2 ; grappe : la peur, le courage, la honte, la fierté"
tirnas,n,"la peur, l'état de crainte",nom,tirn + -as (abstrait),expansion T2 (abstrait)
tirnus,v.stat,"avoir peur de, redouter",verbe statif,tirn + -us (désidératif),expansion T2 (désidératif)
kʼatirn,v.stat,"sans peur, intrépide",verbe statif,tirn + kʼa- (privatif),expansion T2 (privatif)
kilm,v.stat,"être courageux, oser affronter",verbe statif,racine,"expansion T2 ; grappe : la peur, le courage, la honte, la fierté"
kilmas,n,"le courage, la bravoure",nom,kilm + -as (abstrait),expansion T2 (abstrait)
kilmar,n,"guerrier courageux, brave",nom,kilm + -ar (agentif),expansion T2 (agentif)
kilmil,n,"arme du courage, talismán",nom,kilm + -il (instrumental),expansion T2 (instrumental)
saxt,v.stat,"être inquiet, anxieux, préoccupé",verbe statif,racine,"expansion T2 ; grappe : la peur, le courage, la honte, la fierté"
saxtas,n,"l'anxiété, l'inquiétude",nom,saxt + -as (abstrait),expansion T2 (abstrait)
saxtus,v.stat,avoir besoin de rassurance,verbe statif,saxt + -us (désidératif),expansion T2 (désidératif)
kʼasaxt,v.stat,"serein, sans souci",verbe statif,saxt + kʼa- (privatif),expansion T2 (privatif)
tunx,n,"panique collective, terreur généralisée",nom,racine,"expansion T2 ; grappe : la peur, le courage, la honte, la fierté"
tunxar,n,"celui qui panique, enfant apeuré",nom,tunx + -ar (agentif),expansion T2 (agentif)
tunxas,n,l'état de panique,nom,tunx + -as (abstrait),expansion T2 (abstrait)
mirt,n,"épreuve redoutée, défi terrifiant",nom,racine,"expansion T2 ; grappe : la peur, le courage, la honte, la fierté"
mirtar,n,celui qui affronte l'épreuve,nom,mirt + -ar (agentif),expansion T2 (agentif)
mirtas,n,le domaine des épreuves terribles,nom,mirt + -as (abstrait),expansion T2 (abstrait)
surp,v.stat,"être abasourdi par la peur, paralysé",verbe statif,racine,"expansion T2 ; grappe : la peur, le courage, la honte, la fierté"
surpas,n,"la stupéfaction, l'hebétude",nom,surp + -as (abstrait),expansion T2 (abstrait)
surput,n,"état de choc, paralysie",nom,surp + -ut (résultatif),expansion T2 (résultatif)
kʼasurp,v.stat,"lucide, conscient",verbe statif,surp + kʼa- (privatif),expansion T2 (privatif)
kinx,v.stat,"être résolu, inébranlable dans le courage",verbe statif,racine,"expansion T2 ; grappe : la peur, le courage, la honte, la fierté"
kinxas,n,"la résolution, l'inébranlabilité",nom,kinx + -as (abstrait),expansion T2 (abstrait)
kinxar,n,"personne résolue, indomptable",nom,kinx + -ar (agentif),expansion T2 (agentif)
kinxil,n,symbole de fermeté,nom,kinx + -il (instrumental),expansion T2 (instrumental)
part,v,"diviser, partager, scinder",radical verbal,racine,"expansion T2 ; grappe : compter, mesurer, diviser, assembler"
partut,n,"part, portion, morceau",nom,part + -ut (résultatif),expansion T2 (résultatif)
partar,n,"celui qui divise, diviseur",nom,part + -ar (agentif),expansion T2 (agentif)
partas,n,"division, partage, fragmentation",nom,part + -as (abstrait),expansion T2 (abstrait)
tam,v,"estimer, évaluer, jauger approximativement",radical verbal,racine,"expansion T2 ; grappe : compter, mesurer, diviser, assembler"
tamut,n,"estimation, évaluation",nom,tam + -ut (résultatif),expansion T2 (résultatif)
tamar,n,"celui qui estime, évaluateur",nom,tam + -ar (agentif),expansion T2 (agentif)
tamus,v.stat,"avoir besoin d'évaluer, douter",verbe statif,tam + -us (désidératif),expansion T2 (désidératif)
hal,v.stat,"rire, trouver amusant",verbe statif,racine,"expansion T2 ; grappe : le jeu, le rire, le plaisir, la fête"
halar,n,"celui qui rit, rigolo",nom,hal + -ar (agentif),expansion T2 (agentif)
halas,n,"le rire, l'hilarité",nom,hal + -as (abstrait),expansion T2 (abstrait)
skal,n,"fête, célébration, réjouissance",nom,racine,"expansion T2 ; grappe : le jeu, le rire, le plaisir, la fête"
skalar,n,"celui qui fait la fête, fêtard",nom,skal + -ar (agentif),expansion T2 (agentif)
skalus,v.stat,"avoir envie de fête, vouloir célébrer",verbe statif,skal + -us (désidératif),expansion T2 (désidératif)
til,n,"jeu enfantin, amusement léger",nom,racine,"expansion T2 ; grappe : le jeu, le rire, le plaisir, la fête"
tilar,n,"enfant qui joue, joueur léger",nom,til + -ar (agentif),expansion T2 (agentif)
tilil,n,"petit jouet, objet d'amusement",nom,til + -il (instrumental),expansion T2 (instrumental)
ran,n,"rire bruyant, éclat de rire",nom,racine,"expansion T2 ; grappe : le jeu, le rire, le plaisir, la fête"
ranar,n,celui qui rit fort,nom,ran + -ar (agentif),expansion T2 (agentif)
ranus,v.stat,avoir envie de rire bruyamment,verbe statif,ran + -us (désidératif),expansion T2 (désidératif)
tals,v,rester/demurer,radical verbal,racine,couverture ciblée
lars,v,sortir/émerger,radical verbal,racine,couverture ciblée
larsut,n,sortie,nom,lars + -ut (résultatif),couverture ciblée (dérivé)
mals,n,monsieur/seigneur,nom,racine,couverture ciblée
tim,n,heure/moment,nom,racine,couverture ciblée
hilm,v,rentrer/revenir,radical verbal,racine,couverture ciblée
hilmut,n,retour,nom,hilm + -ut (résultatif),couverture ciblée (dérivé)
ink,v,entrer/pénétrer,radical verbal,racine,couverture ciblée
inkut,n,entrée,nom,ink + -ut (résultatif),couverture ciblée (dérivé)
stiln,v,commencer/débuter,radical verbal,racine,couverture ciblée
stilnut,n,commencement/début,nom,stiln + -ut (résultatif),couverture ciblée (dérivé)
tranx,n,voiture/véhicule,nom,racine,couverture ciblée
milt,v,payer/rémunérer,radical verbal,racine,couverture ciblée
miltut,n,paiement,nom,milt + -ut (résultatif),couverture ciblée (dérivé)
miran,v.stat,être beau/élégant,verbe statif,racine,couverture ciblée
miranas,n,beauté,nom,miran + -as (abstrait),couverture ciblée (dérivé)
piran,v.stat,"plaire, être agréable",verbe statif,racine,couverture ciblée
xin,n,"soir, nuit",nom,racine,couverture ciblée
kirum,n,"bonjour, salutation",nom,racine,couverture ciblée
nam,n,"maman, mère",nom,racine,couverture ciblée
saprik,v,ouvrir,radical verbal,racine,couverture ciblée
saprikil,n,"clé, outil pour ouvrir",nom,saprik + -il (instrumental),couverture ciblée (dérivé)
muks,n,"oeil, regard",nom,racine,couverture ciblée
ralm,n,"famille, clan",nom,racine,couverture ciblée
kips,n,"truc, machin, chose",nom,racine,couverture ciblée
sarn,n,"chance, fortune",nom,racine,couverture ciblée
trams,n,problème/difficulté,nom,racine,couverture ciblée
pral,n,argent/richesse,nom,racine,couverture ciblée
hilk,v.stat,être dernier/final,verbe statif,racine,couverture ciblée
xar,n,merci/reconnaissance,nom,racine,couverture ciblée
lirn,n,mec/gars,nom,racine,couverture ciblée
xurat,v,devoir/falloir,radical verbal,racine,couverture ciblée
klitarn,v,arriver/atteindre,radical verbal,racine,couverture ciblée
stirak,v,appeler/nommer,radical verbal,racine,couverture ciblée
stirakar,n,celui qui appelle,nom,stirak + -ar (agentif),couverture ciblée (dérivé)
ktalim,v,partir/s'en aller,radical verbal,racine,couverture ciblée
skalax,n,dieu/divinité,nom,racine,couverture ciblée
kritas,n,fois/occasion,nom,racine,couverture ciblée
plasir,n,ami,nom,racine,couverture ciblée
plasiras,n,amitié,nom,plasir + -as (abstrait),couverture ciblée (dérivé)
stulak,v,aider/secourir,radical verbal,racine,couverture ciblée
stulakar,n,assistant,nom,stulak + -ar (agentif),couverture ciblée (dérivé)
nilan,n,gens/peuple,nom,racine,couverture ciblée
kramis,v,foutre/faire,radical verbal,racine,couverture ciblée
xilpak,v,excuser/pardonner,radical verbal,racine,couverture ciblée
spilan,n,affaire/cas,nom,racine,couverture ciblée
trilum,n,histoire/récit,nom,racine,couverture ciblée
plinax,n,minute/instant,nom,racine,couverture ciblée
klatak,v,garder/protéger,radical verbal,racine,couverture ciblée
klatakar,n,gardien,nom,klatak + -ar (agentif),couverture ciblée (dérivé)
spulam,n,type/sorte,nom,racine,couverture ciblée
xamis,v.stat,mal / être mauvais/malade,verbe statif,racine,couverture ciblée
xamisas,n,malveillance/maladie,nom,xamis + -as (abstrait),couverture ciblée (dérivé)
stalim,v,asseoir,radical verbal,racine,couverture ciblée
xirsan,v.stat,être fou/insensé,verbe statif,racine,couverture ciblée
xirsanas,n,folie,nom,xirsan + -as (abstrait),couverture ciblée (dérivé)
pralum,v,porter/supporter,radical verbal,racine,couverture ciblée
pralumar,n,porteur,nom,pralum + -ar (agentif),couverture ciblée (dérivé)
skitax,v,prier/implorer,radical verbal,racine,couverture ciblée
rilpan,n,mois/période,nom,racine,couverture ciblée
xulman,n,madame/dame,nom,racine,couverture ciblée
kirtax,n,putain/prostituée,nom,racine,couverture ciblée
stiram,v,écrire/graver,radical verbal,racine,couverture ciblée
stiramar,n,scribe/écrivain,nom,stiram + -ar (agentif),couverture ciblée (dérivé)
klaxt,v.stat,être complet/tout,verbe statif,racine,couverture ciblée
patir,n,père,nom,racine,couverture ciblée
staxul,n,monde,nom,racine,couverture ciblée
xirpak,v,montrer,radical verbal,racine,couverture ciblée
xirpakar,n,celui qui montre,nom,xirpak + -ar (agentif),couverture ciblée (dérivé)
spilak,n,ville,nom,racine,couverture ciblée
trimax,v,gagner/vaincre,radical verbal,racine,couverture ciblée
trimaxut,n,victoire,nom,trimax + -ut (résultatif),couverture ciblée (dérivé)
tulpan,n,semaine,nom,racine,couverture ciblée
kranik,v,acheter,radical verbal,racine,couverture ciblée
kranikar,n,acheteur,nom,kranik + -ar (agentif),couverture ciblée (dérivé)
ralsum,n,chambre,nom,racine,couverture ciblée
spikus,n,côté,nom,racine,couverture ciblée
xulpam,v,rappeler,radical verbal,racine,couverture ciblée
stimal,v,lire,radical verbal,racine,couverture ciblée
stimalar,n,lecteur,nom,stimal + -ar (agentif),couverture ciblée (dérivé)
kirnax,n,mot,nom,racine,couverture ciblée
prixul,n,salut,nom,racine,couverture ciblée
kʼasum,v.stat,être désolé/triste,verbe statif,racine,couverture ciblée
xampir,v,quitter,radical verbal,racine,couverture ciblée
spulak,n,police,nom,racine,couverture ciblée
spulakar,n,policier,nom,spulak + -ar (agentif),couverture ciblée (dérivé)
stalun,n,matin,nom,racine,couverture ciblée
tulmax,v,emmener,radical verbal,racine,couverture ciblée
tulmaxar,n,celui qui emmène,nom,tulmax + -ar (agentif),couverture ciblée (dérivé)
prulim,v.stat,être gros/grand,verbe statif,racine,couverture ciblée
stimax,v,revoir,radical verbal,racine,couverture ciblée
xalpin,v,importer,radical verbal,racine,couverture ciblée
patun,n,papa,nom,racine,couverture ciblée
stakul,n,train,nom,racine,couverture ciblée
krasum,v,raconter,radical verbal,racine,couverture ciblée
krasumar,n,narrateur,nom,krasum + -ar (agentif),couverture ciblée (dérivé)
stilup,n,film,nom,racine,couverture ciblée
xirsum,v,répondre,radical verbal,racine,couverture ciblée
spalun,n,garçon,nom,racine,couverture ciblée
ktis,v,tuer,radical verbal,racine,couverture ciblée
ktisar,n,tueur,nom,ktis + -ar (agentif),couverture ciblée (dérivé)
primal,v.stat,être heureux,verbe statif,racine,couverture ciblée
primalas,n,bonheur,nom,primal + -as (abstrait),couverture ciblée (dérivé)
krast,v,voler (dérober),radical verbal,racine,couverture ciblée
krastar,n,voleur,nom,krast + -ar (agentif),couverture ciblée (dérivé)
prist,v,valoir,radical verbal,racine,couverture ciblée
stimul,n,docteur,nom,racine,couverture ciblée
xirmal,n,"façon, manière",nom,racine,couverture ciblée
trilk,v.stat,être nouveau,verbe statif,racine,couverture ciblée
trilkas,n,nouveauté,nom,trilk + -as (abstrait),couverture ciblée (dérivé)
prakil,v,"sembler, paraître",radical verbal,racine,couverture ciblée
kalim,v.stat,être joli,verbe statif,racine,couverture ciblée
kalimas,n,beauté,nom,kalim + -as (abstrait),couverture ciblée (dérivé)
krunt,n,guerre,nom,racine,couverture ciblée
kruntar,n,guerrier,nom,krunt + -ar (agentif),couverture ciblée (dérivé)
prisum,n,"genre, type",nom,racine,couverture ciblée
klipan,v,marier,radical verbal,racine,couverture ciblée
xikum,n,"cause, raison",nom,racine,couverture ciblée
spiluk,n,"endroit, lieu",nom,racine,couverture ciblée
prux,n,"ordure, merde",nom,racine,couverture ciblée
stalam,v,inquiéter,radical verbal,racine,couverture ciblée
klirut,v,"apporter, amener",radical verbal,racine,couverture ciblée
klirutar,n,porteur,nom,klirut + -ar (agentif),couverture ciblée (dérivé)
xalsum,n,"photo, image",nom,racine,couverture ciblée
stipun,n,école,nom,racine,couverture ciblée
stipunar,n,écolier,nom,stipun + -ar (agentif),couverture ciblée (dérivé)
spiral,v.stat,"être cher, coûteux",verbe statif,racine,couverture ciblée
spiralas,n,"cherté, prix",nom,spiral + -as (abstrait),couverture ciblée (dérivé)
mirlas,v,"rencontrer, croiser",radical verbal,racine,couverture ciblée
halus,n,coeur,nom,racine,couverture ciblée
stuls,v,"fermer, clore",radical verbal,racine,couverture ciblée
sikat,v.stat,"être bon, aller bien, ok",verbe statif,racine,couverture ciblée
prils,v,"suffire, être assez",radical verbal,racine,couverture ciblée
tikum,v,"compter, calculer",radical verbal,racine,couverture ciblée
tikumar,n,comptable,nom,tikum + -ar (agentif),couverture ciblée (dérivé)
klipur,v.stat,"être meilleur, supérieur",verbe statif,racine,couverture ciblée
multik,n,"reste, résidu",nom,racine,couverture ciblée
stirul,v,"bouger, se mouvoir",radical verbal,racine,couverture ciblée
kratun,n,"boulot / travail, emploi",nom,racine,couverture ciblée
kratunar,n,travailleur,nom,kratun + -ar (agentif),couverture ciblée (dérivé)
kalsum,v,"expliquer, clarifier",radical verbal,racine,couverture ciblée
kalsumar,n,explicateur,nom,kalsum + -ar (agentif),couverture ciblée (dérivé)
klimur,v,"imaginer, concevoir",radical verbal,racine,couverture ciblée
murlis,v,"adorer, aimer profondément",radical verbal,racine,couverture ciblée
haltin,v.stat,"être gentil, bienveillant",verbe statif,racine,couverture ciblée
sparum,v,"jeter, lancer",radical verbal,racine,couverture ciblée
prinal,n,"bébé, nourrisson",nom,racine,couverture ciblée
hilsum,n,"nouvelle, information",nom,racine,couverture ciblée
lurpin,n,"plaisir, satisfaction",nom,racine,couverture ciblée
stiral,v,"promettre, s'engager",radical verbal,racine,couverture ciblée
manul,n,soeur,nom,racine,couverture ciblée
plasuk,n,"lit, couche",nom,racine,couverture ciblée
krulim,v,"préférer, choisir de préférence",radical verbal,racine,couverture ciblée
pralim,v,"offrir, présenter en don",radical verbal,racine,couverture ciblée
pralimut,n,"cadeau, offrande",nom,pralim + -ut (résultatif),couverture ciblée (dérivé)
klip,v,"battre, frapper",radical verbal,racine,couverture ciblée
klipar,n,celui qui frappe,nom,klip + -ar (agentif),couverture ciblée (dérivé)
mirax,v,pleurer,radical verbal,racine,couverture ciblée
kalux,v.stat,"pauvre, démuni",verbe statif,racine,couverture ciblée
kaluxas,n,pauvreté,nom,kalux + -as (abstrait),couverture ciblée (dérivé)
stank,n,"roi, monarque",nom,racine,couverture ciblée
kirax,n,verre (matière),nom,racine,couverture ciblée
xalp,n,"journée, jour",nom,racine,couverture ciblée
sampir,n,"numéro, chiffre",nom,racine,couverture ciblée
malup,v.stat,"aimé, chéri",verbe statif,racine,couverture ciblée
stipan,v,"lâcher, relâcher",radical verbal,racine,couverture ciblée
pilam,n,"bureau, table de travail",nom,racine,couverture ciblée
xarpin,n,café (boisson/lieu),nom,racine,couverture ciblée
murlax,n,"confiance, foi",nom,racine,couverture ciblée
stalax,n,"bonsoir, soirée",nom,racine,couverture ciblée
tulsan,n,"compte, calcul",nom,racine,couverture ciblée
prulak,n,"téléphone, appareil de communication",nom,racine,couverture ciblée
halax,v.stat,"facile, simple",verbe statif,racine,couverture ciblée
halaxas,n,facilité,nom,halax + -as (abstrait),couverture ciblée (dérivé)
mipul,n,"rêve, vision onirique",nom,racine,couverture ciblée
klurax,n,"attention, vigilance",nom,racine,couverture ciblée
marak,v.stat,"content, heureux",verbe statif,racine,couverture ciblée
klurut,v,"réveiller, éveiller",radical verbal,racine,couverture ciblée
prulat,v,"ramener, rapporter",radical verbal,racine,couverture ciblée
kirtan,n,"faute, erreur",nom,racine,couverture ciblée
xirpul,v,"disparaître, s'évanouir",radical verbal,racine,couverture ciblée
pranul,v.stat,"prochain, imminent",verbe statif,racine,couverture ciblée
malsin,n,"copain, ami",nom,racine,couverture ciblée
stipul,n,"rue, voie",nom,racine,couverture ciblée
hartil,n,"lettre, caractère écrit",nom,racine,couverture ciblée
trilax,v.stat,"super, excellent",verbe statif,racine,couverture ciblée
xartal,n,"capitaine, chef",nom,racine,couverture ciblée
pilnut,n,"pièce, chambre",nom,racine,couverture ciblée
kramir,v.stat,"difficile, ardu",verbe statif,racine,couverture ciblée
pratin,v,"jurer, faire serment",radical verbal,racine,couverture ciblée
xarsin,n,"prison, geôle",nom,racine,couverture ciblée
trulak,v,"remettre, confier",radical verbal,racine,couverture ciblée
mapul,n,"carte, plan",nom,racine,couverture ciblée
halnis,n,"paix, tranquillité",nom,racine,couverture ciblée
kirlax,v.stat,"drôle, amusant",verbe statif,racine,couverture ciblée
xaltun,n,"président, chef d'État",nom,racine,couverture ciblée
stirax,n,"cours, leçon",nom,racine,couverture ciblée
pramil,v.stat,"grave, sérieux",verbe statif,racine,couverture ciblée
praluk,v,"sauver, préserver",radical verbal,racine,couverture ciblée
pralukar,n,sauveur,nom,praluk + -ar (agentif),couverture ciblée (dérivé)
kulap,n,"pays, territoire",nom,racine,couverture ciblée
tulmak,n,"agent de police, flic",nom,racine,couverture ciblée
hulpin,n,"arrière, cul",nom,racine,couverture ciblée
xirpum,n,"âme, esprit",nom,racine,couverture ciblée
tulnik,n,"patron, chef",nom,racine,couverture ciblée
klimax,v,"amuser, divertir",radical verbal,racine,couverture ciblée
klimaxas,n,amusement,nom,klimax + -as (abstrait),couverture ciblée (dérivé)
silmuk,n,"visage, figure",nom,racine,couverture ciblée
kalnik,n,"rapport, relation",nom,racine,couverture ciblée
kilmak,n,"avis, opinion",nom,racine,couverture ciblée
klurip,v.stat,"différent, autre",verbe statif,racine,couverture ciblée
spulim,v.stat,"génial, brillant",verbe statif,racine,couverture ciblée
prumak,v.stat,"libre, affranchi",verbe statif,racine,couverture ciblée
xulpim,n,"dollar, monnaie",nom,racine,couverture ciblée
klimul,v.stat,"pareil, identique",verbe statif,racine,couverture ciblée
hulmak,n,"hôpital, infirmerie",nom,racine,couverture ciblée
sparim,v,"réussir, accomplir",radical verbal,racine,couverture ciblée
klipum,v.stat,"bizarre, étrange",verbe statif,racine,couverture ciblée
pralun,n,"honneur, dignité",nom,racine,couverture ciblée
stilak,n,"équipe, groupe",nom,racine,couverture ciblée
kulim,n,"cheval, monture",nom,racine,couverture ciblée
klisap,v,"permettre, autoriser",radical verbal,racine,couverture ciblée
klisapar,n,celui qui permet,nom,klisap + -ar (agentif),couverture ciblée (dérivé)
tilsum,v,"calmer, apaiser",radical verbal,racine,couverture ciblée
prulnik,v,"intéresser, captiver",radical verbal,racine,couverture ciblée
prulnikus,v.stat,être intéressé par,verbe statif,prulnik + -us (désidératif),couverture ciblée (dérivé)
klirax,v,"reconnaître, identifier",radical verbal,racine,couverture ciblée
prantul,v,"embrasser, étreindre",radical verbal,racine,couverture ciblée
stalir,v,danser,radical verbal,racine,couverture ciblée
stalirar,n,danseur,nom,stalir + -ar (agentif),couverture ciblée (dérivé)
skirax,v,"prévenir, avertir",radical verbal,racine,couverture ciblée
klapur,n,avion,nom,racine,couverture ciblée
staxir,v.stat,"être normal, usuel",verbe statif,racine,couverture ciblée
klirtan,v,"déranger, perturber",radical verbal,racine,couverture ciblée
praxil,v,"reprendre, saisir à nouveau",radical verbal,racine,couverture ciblée
stulmax,n,"retard, délai",nom,racine,couverture ciblée
krutax,v,"détruire, anéantir",radical verbal,racine,couverture ciblée
krutaxut,n,"chose détruite, ruine",nom,krutax + -ut (résultatif),couverture ciblée (dérivé)
pramin,n,"face, surface frontale",nom,racine,couverture ciblée
kliprax,n,"gueule, bouche",nom,racine,couverture ciblée
kraslum,n,"million, grand nombre",nom,racine,couverture ciblée
pralnik,n,"sac, sachet",nom,racine,couverture ciblée
stirmax,n,"seconde, instant",nom,racine,couverture ciblée
sparul,v,"découvrir, révéler",radical verbal,racine,couverture ciblée
sparulut,n,découverte,nom,sparul + -ut (résultatif),couverture ciblée (dérivé)
klirpum,v,"rêver, songer",radical verbal,racine,couverture ciblée
klirpumut,n,rêve,nom,klirpum + -ut (résultatif),couverture ciblée (dérivé)
stalunk,v,"détester, abhorer",radical verbal,racine,couverture ciblée
trimul,v.stat,"con / être bête, sot",verbe statif,racine,couverture ciblée
ktisrap,v,"empêcher, bloquer",radical verbal,racine,couverture ciblée
klisul,v.stat,"être général, universel",verbe statif,racine,couverture ciblée
piluk,n,"balle, sphère",nom,racine,couverture ciblée
stalip,v,"maintenir, tenir en place",radical verbal,racine,couverture ciblée
siluk,n,"cheveu, fil",nom,racine,couverture ciblée
klipul,n,"papier, feuille",nom,racine,couverture ciblée
stirup,n,"sujet, thème",nom,racine,couverture ciblée
pramut,v,"supposer, présumer",radical verbal,racine,couverture ciblée
xilpam,v.stat,"être tranquille, calme",verbe statif,racine,couverture ciblée
klipam,v.stat,être blanc,verbe statif,racine,couverture ciblée
klirsum,n,"message, communication",nom,racine,couverture ciblée
stulap,n,"salle, chambre",nom,racine,couverture ciblée
klisup,n,"espèce, sorte",nom,racine,couverture ciblée
primarx,n,"propos, parole",nom,racine,couverture ciblée
pramul,n,"camp, établissement",nom,racine,couverture ciblée
klirpam,n,"hôtel, logement",nom,racine,couverture ciblée
tilpak,n,"jambe, membre inférieur",nom,racine,couverture ciblée
pristuk,v,"remercier, exprimer sa gratitude",radical verbal,racine,couverture ciblée
klisak,n,"sécurité, protection",nom,racine,couverture ciblée
primul,v,"baiser, embrasser",radical verbal,racine,couverture ciblée
kliral,v,"attraper, saisir",radical verbal,racine,couverture ciblée
krimal,v,ressembler à,radical verbal,racine,couverture ciblée
klipas,n,"bout, extrémité",nom,racine,couverture ciblée
pranit,v,pousser,radical verbal,racine,couverture ciblée
pranitar,n,celui qui pousse,nom,pranit + -ar (agentif),couverture ciblée (dérivé)
tralim,v,approcher,radical verbal,racine,couverture ciblée
harnik,v,"dépêcher, envoyer vite",radical verbal,racine,couverture ciblée
xurtal,n,or (métal),nom,racine,couverture ciblée
klirpan,n,"loi, règle",nom,racine,couverture ciblée
talrik,n,"fond, base",nom,racine,couverture ciblée
xilmark,n,"argent, fric",nom,racine,couverture ciblée
tulpim,n,"accident, choc",nom,racine,couverture ciblée
klispur,n,"scène, tableau",nom,racine,couverture ciblée
kramul,n,"soldat, combattant",nom,racine,couverture ciblée
stirpul,v.stat,être amoureux,verbe statif,racine,couverture ciblée
trikam,v,"assurer, garantir",radical verbal,racine,couverture ciblée
trikamar,n,assureur,nom,trikam + -ar (agentif),couverture ciblée (dérivé)
primak,n,"humain, personne",nom,racine,couverture ciblée
xalrik,n,"mer, océan",nom,racine,couverture ciblée
klurpin,n,"silence, absence de bruit",nom,racine,couverture ciblée
stirpak,n,télé / télévision,nom,racine,couverture ciblée
tulrik,n,victime,nom,racine,couverture ciblée
klipran,n,pute / prostituée,nom,racine,couverture ciblée
kʼaprimas,v.stat,être impossible,verbe statif,racine,couverture ciblée
stinut,n,"effet, résultat",nom,racine,couverture ciblée
stixul,v,"filer, s'enfuir",radical verbal,racine,couverture ciblée
praxul,v,risquer,radical verbal,racine,couverture ciblée
praxulas,n,"risque, danger",nom,praxul + -as (abstrait),couverture ciblée (dérivé)
kranit,n,appel,nom,racine,couverture ciblée
kranitar,n,celui qui appelle,nom,kranit + -ar (agentif),couverture ciblée (dérivé)
spilam,n,visite,nom,racine,couverture ciblée
spilamar,n,visiteur,nom,spilam + -ar (agentif),couverture ciblée (dérivé)
stikalp,v,attaquer,radical verbal,racine,couverture ciblée
stikalpar,n,attaquant,nom,stikalp + -ar (agentif),couverture ciblée (dérivé)
krinal,n,"coin, angle",nom,racine,couverture ciblée
xilmak,v.stat,"être pire, plus mauvais",verbe statif,racine,couverture ciblée
stalix,n,professeur,nom,racine,couverture ciblée
klirpul,v,répéter,radical verbal,racine,couverture ciblée
klirpular,n,celui qui répète,nom,klirpul + -ar (agentif),couverture ciblée (dérivé)
klirap,v,inviter,radical verbal,racine,couverture ciblée
klirapar,n,celui qui invite,nom,klirap + -ar (agentif),couverture ciblée (dérivé)
kranul,n,choix,nom,racine,couverture ciblée
xirtal,n,avocat,nom,racine,couverture ciblée
stimar,n,client,nom,racine,couverture ciblée
xilpark,n,situation,nom,racine,couverture ciblée
trikax,n,crime,nom,racine,couverture ciblée
trikaxar,n,criminel,nom,trikax + -ar (agentif),couverture ciblée (dérivé)
spirak,v,fumer,radical verbal,racine,couverture ciblée
spirakar,n,fumeur,nom,spirak + -ar (agentif),couverture ciblée (dérivé)
xirpam,v,signer,radical verbal,racine,couverture ciblée
spirul,n,réponse,nom,racine,couverture ciblée
xilpum,v,rejoindre,radical verbal,racine,couverture ciblée
praxim,v,discuter,radical verbal,racine,couverture ciblée
praximar,n,discutant,nom,praxim + -ar (agentif),couverture ciblée (dérivé)
xilrik,n,village,nom,racine,couverture ciblée
kartul,n,"journal, récit écrit",nom,racine,couverture ciblée
kartular,n,journaliste,nom,kartul + -ar (agentif),couverture ciblée (dérivé)
klipun,n,"enfant, gosse",nom,racine,couverture ciblée
xamul,n,"meurtre, tuerie",nom,racine,couverture ciblée
xamular,n,meurtrier,nom,xamul + -ar (agentif),couverture ciblée (dérivé)
turlix,v,"blesser, faire mal",radical verbal,racine,couverture ciblée
turlixut,n,blessure,nom,turlix + -ut (résultatif),couverture ciblée (dérivé)
praxun,n,"colonel, officier supérieur",nom,racine,couverture ciblée
stirpun,v,"dégager, libérer",radical verbal,racine,couverture ciblée
krumax,v.stat,être dangereux,verbe statif,racine,couverture ciblée
klirpax,n,"armée, troupe",nom,racine,couverture ciblée
klirpaxar,n,soldat,nom,klirpax + -ar (agentif),couverture ciblée (dérivé)
kramun,v,"mener, conduire",radical verbal,racine,couverture ciblée
kramunar,n,"meneur, chef",nom,kramun + -ar (agentif),couverture ciblée (dérivé)
halurs,n,"bordel, mauvais état",nom,racine,couverture ciblée
praxum,v,"mériter, gagner",radical verbal,racine,couverture ciblée
praxumut,n,"mérite, récompense",nom,praxum + -ut (résultatif),couverture ciblée (dérivé)
kruxal,n,"diable, démon",nom,racine,couverture ciblée
prulam,n,"exemple, modèle",nom,racine,couverture ciblée
prulamil,n,"exemplaire, copie",nom,prulam + -il (instrumental),couverture ciblée (dérivé)
stiralp,n,"rendez-vous / rendez-vous, rencontre convenue",nom,racine,couverture ciblée
stirpam,n,"impression, sentiment",nom,racine,couverture ciblée
xilpan,n,"mur, rempart",nom,racine,couverture ciblée
pratal,v.stat,"être possible, pouvoir advenir",verbe statif,racine,couverture ciblée
kirpal,n,"prince, chef noble",nom,racine,couverture ciblée
kirpalar,n,celui qui règne,nom,kirpal + -ar (agentif),couverture ciblée (dérivé)
praxut,v,"enfoncer, planter, ficher",radical verbal,racine,couverture ciblée
praxutil,n,outil à enfoncer,nom,praxut + -il (instrumental),couverture ciblée (dérivé)
klisam,n,"bêtise, connerie",nom,racine,couverture ciblée
tramis,v,"obliger, contraindre",radical verbal,racine,couverture ciblée
tramisut,n,obligation imposée,nom,tramis + -ut (résultatif),couverture ciblée (dérivé)
klimup,v.stat,"être idiot, bête",verbe statif,racine,couverture ciblée
klimupas,n,"idiotie, bêtise",nom,klimup + -as (abstrait),couverture ciblée (dérivé)
sturip,v,"regretter, se repentir",radical verbal,racine,couverture ciblée
kilpum,n,"boîte, récipient",nom,racine,couverture ciblée
kilpumil,n,petite boîte,nom,kilpum + -il (instrumental),couverture ciblée (dérivé)
spatun,v,"dîner, prendre le repas du soir",radical verbal,racine,couverture ciblée
spatunut,n,"le dîner, le repas",nom,spatun + -ut (résultatif),couverture ciblée (dérivé)
tripax,v,"couvrir, recouvrir",radical verbal,racine,couverture ciblée
tripaxil,n,"couverture, voile",nom,tripax + -il (instrumental),couverture ciblée (dérivé)
praxis,v.stat,"être magnifique, splendide",verbe statif,racine,couverture ciblée
praxisas,n,"splendeur, magnificence",nom,praxis + -as (abstrait),couverture ciblée (dérivé)
kartum,v,"obtenir, acquérir",radical verbal,racine,couverture ciblée
kartumut,n,ce qu'on obtient,nom,kartum + -ut (résultatif),couverture ciblée (dérivé)
xirpal,n,"salaud, mauvais sujet",nom,racine,couverture ciblée
klimis,v,"plaisanter, blaguer",radical verbal,racine,couverture ciblée
klimisut,n,"plaisanterie, blague",nom,klimis + -ut (résultatif),couverture ciblée (dérivé)
spilun,n,"vin, boisson fermentée",nom,racine,couverture ciblée
tritum,v,"virer, tourner, renvoyer",radical verbal,racine,couverture ciblée
xilpun,n,"chanson, mélodie chantée",nom,racine,couverture ciblée
spalim,n,"pote, ami copain",nom,racine,couverture ciblée
praxuk,n,"habitude, coutume",nom,racine,couverture ciblée
praxukar,n,celui qui a l'habitude de,nom,praxuk + -ar (agentif),couverture ciblée (dérivé)
xirpan,n,"ennemi, adversaire",nom,racine,couverture ciblée
pramik,v,"accompagner, aller avec",radical verbal,racine,couverture ciblée
pramikar,n,"compagnon, celui qui accompagne",nom,pramik + -ar (agentif),couverture ciblée (dérivé)
hulnik,n,"enfer, lieu de souffrance",nom,racine,couverture ciblée
kilpax,n,"cuisine, art culinaire",nom,racine,couverture ciblée
kilpaxar,n,cuisinier,nom,kilpax + -ar (agentif),couverture ciblée (dérivé)
stimpul,v,"éviter, contourner",radical verbal,racine,couverture ciblée
kraxul,n,"mission, tâche assignée",nom,racine,couverture ciblée
kramuk,n,"poisson, créature aquatique",nom,racine,couverture ciblée
klirpak,n,"lieutenant, gradé militaire",nom,racine,couverture ciblée
klipax,v,"rater, manquer",radical verbal,racine,couverture ciblée
trilup,v,"retirer, enlever",radical verbal,racine,couverture ciblée
triluput,n,"retrait, chose retirée",nom,trilup + -ut (résultatif),couverture ciblée (dérivé)
ktilax,v.stat,"être exact, précis",verbe statif,racine,couverture ciblée
stirpin,v,"recommencer, reprendre",radical verbal,racine,couverture ciblée
klirat,n,"billet, ticket",nom,racine,couverture ciblée
halit,v.stat,"être moyen, ordinaire",verbe statif,racine,couverture ciblée
klunak,n,"vaisseau, navire",nom,racine,couverture ciblée
tramuk,n,"vol, action de voler",nom,racine,couverture ciblée
tramukar,n,voleur,nom,tramuk + -ar (agentif),couverture ciblée (dérivé)
kripak,v,"parier, miser",radical verbal,racine,couverture ciblée
skalim,n,"bière, boisson",nom,racine,couverture ciblée
halnim,n,"Mme / madame, femme",nom,racine,couverture ciblée
xiltum,v,"appartenir à, être propriété de",radical verbal,racine,couverture ciblée
stipak,v,"remarquer, noter",radical verbal,racine,couverture ciblée
stipakar,n,celui qui remarque,nom,stipak + -ar (agentif),couverture ciblée (dérivé)
spulun,n,"liberté, autonomie",nom,racine,couverture ciblée
krantul,n,"banque, établissement financier",nom,racine,couverture ciblée
pramun,v.stat,"être merveilleux, magnifique",verbe statif,racine,couverture ciblée
tulpun,v.stat,"être fier, orgueilleux",verbe statif,racine,couverture ciblée
xirpun,n,"dossier, chemise de documents",nom,racine,couverture ciblée
stirun,v,"ressentir, éprouver",radical verbal,racine,couverture ciblée
prunk,n,"but, objectif",nom,racine,couverture ciblée
spalum,v,"fatiguer, épuiser",radical verbal,racine,couverture ciblée
spalumus,v.stat,avoir besoin de repos,verbe statif,spalum + -us (désidératif),couverture ciblée (dérivé)
piltuk,n,"enfant, gamin",nom,racine,couverture ciblée
kiltan,n,"rendez-vous / rendez-vous, rencontre convenue",nom,racine,couverture ciblée
klipsul,v,"compris / comprendre, saisir",radical verbal,racine,couverture ciblée
klipsulut,n,"ce qui est compris, sens",nom,klipsul + -ut (résultatif),couverture ciblée (dérivé)
kaltup,n,"anniversaire, jour de naissance",nom,racine,couverture ciblée
tilpuk,n,"bord, limite, rive",nom,racine,couverture ciblée
tritax,v,"tenter, essayer",radical verbal,racine,couverture ciblée
tritaxar,n,"celui qui tente, aventurier",nom,tritax + -ar (agentif),couverture ciblée (dérivé)
kliput,n,"classe, catégorie, groupe",nom,racine,couverture ciblée
prisul,v.stat,"être capable, compétent",verbe statif,racine,couverture ciblée
prisulas,n,"capacité, compétence",nom,prisul + -as (abstrait),couverture ciblée (dérivé)
spaluk,n,"appartement, logement",nom,racine,couverture ciblée
stinal,v,"bosser, travailler dur",radical verbal,racine,couverture ciblée
stinalar,n,"celui qui bosse, travailleur",nom,stinal + -ar (agentif),couverture ciblée (dérivé)
klipuk,v,"récupérer, reprendre, regagner",radical verbal,racine,couverture ciblée
klipukut,n,chose récupérée,nom,klipuk + -ut (résultatif),couverture ciblée (dérivé)
haltam,n,"grand-père / grand-père, aïeul",nom,racine,couverture ciblée
stulim,n,"société, groupe social",nom,racine,couverture ciblée
xiruk,n,nez,nom,racine,couverture ciblée
kripul,n,"acteur, agent",nom,racine,couverture ciblée
xilpuk,v.stat,"être incroyable, extraordinaire",verbe statif,racine,couverture ciblée
xilpukas,n,"caractère incroyable, incroyabilité",nom,xilpuk + -as (abstrait),couverture ciblée (dérivé)
pralux,n,"rendez-vous / rendez-vous, point de rencontre",nom,racine,couverture ciblée
spalir,v.stat,"être spécial, distinctif",verbe statif,racine,couverture ciblée
spaliras,n,"caractère spécial, particularité",nom,spalir + -as (abstrait),couverture ciblée (dérivé)
klamur,v.stat,"ferme / être fermé, clos",verbe statif,racine,couverture ciblée
klamuril,n,"verrou, dispositif de fermeture",nom,klamur + -il (instrumental),couverture ciblée (dérivé)
stiruk,n,"joie, allégresse",nom,racine,couverture ciblée
kramut,n,grand-mère / grand-mère,nom,racine,couverture ciblée
trimak,v,"ravir, transporter de joie",radical verbal,racine,couverture ciblée
trimakas,n,"ravissement, extase",nom,trimak + -as (abstrait),couverture ciblée (dérivé)
priktum,n,"rendez-vous / rendez-vous, moment convenu",nom,racine,couverture ciblée
stulax,v,"régler, mettre en ordre",radical verbal,racine,couverture ciblée
stulaxar,n,celui qui règle,nom,stulax + -ar (agentif),couverture ciblée (dérivé)
klistup,n,"robe, vêtement",nom,racine,couverture ciblée
klipxun,n,"radio, transmission sonore",nom,racine,couverture ciblée
klirpun,v,"apprécier, évaluer",radical verbal,racine,couverture ciblée
klirpunas,n,"appréciation, valeur",nom,klirpun + -as (abstrait),couverture ciblée (dérivé)
priktux,n,"pitié, compassion",nom,racine,couverture ciblée
klirxul,v.stat,"entier, complet",verbe statif,racine,couverture ciblée
klirxulas,n,"intégrité, totalité",nom,klirxul + -as (abstrait),couverture ciblée (dérivé)
praltum,v,"laver, nettoyer",radical verbal,racine,couverture ciblée
praltumar,n,laveur,nom,praltum + -ar (agentif),couverture ciblée (dérivé)
staltum,n,"adresse, lieu",nom,racine,couverture ciblée
praltux,n,"chaussure, soulier",nom,racine,couverture ciblée
staltux,n,"avenir, futur",nom,racine,couverture ciblée
priksum,n,"laisse, corde",nom,racine,couverture ciblée
klirtum,v.stat,"gauche, maladroit",verbe statif,racine,couverture ciblée
praltun,v,"remonter, s'élever",radical verbal,racine,couverture ciblée
praltunut,n,ascension,nom,praltun + -ut (résultatif),couverture ciblée (dérivé)
stirtup,v,"réaliser, accomplir",radical verbal,racine,couverture ciblée
stirtuput,n,"réalisation, accomplissement",nom,stirtup + -ut (résultatif),couverture ciblée (dérivé)
krimul,v,"prévoir, anticiper",radical verbal,racine,couverture ciblée
krimular,n,celui qui prévoit,nom,krimul + -ar (agentif),couverture ciblée (dérivé)
hilpum,n,"camarade, compagnon",nom,racine,couverture ciblée
stiran,n,"recherche, quête",nom,racine,couverture ciblée
stiranar,n,chercheur,nom,stiran + -ar (agentif),couverture ciblée (dérivé)
klipak,n,bain,nom,racine,couverture ciblée
klipakil,n,baignoire,nom,klipak + -il (instrumental),couverture ciblée (dérivé)
titax,n,dent,nom,racine,couverture ciblée
hilmak,n,"mademoiselle, jeune fille",nom,racine,couverture ciblée
hiltup,n,"soin, attention",nom,racine,couverture ciblée
hiltupar,n,celui qui soigne,nom,hiltup + -ar (agentif),couverture ciblée (dérivé)
tramul,v,"étudier, apprendre",radical verbal,racine,couverture ciblée
tramular,n,étudiant,nom,tramul + -ar (agentif),couverture ciblée (dérivé)
klirun,v.stat,être bleu,verbe statif,racine,couverture ciblée
hilmun,n,"milieu, centre",nom,racine,couverture ciblée
stalpun,v,"proposer, suggérer",radical verbal,racine,couverture ciblée
stalpunut,n,proposition,nom,stalpun + -ut (résultatif),couverture ciblée (dérivé)
xilmuk,n,"contact, toucher",nom,racine,couverture ciblée
hilpak,v.stat,"être mignon, joli",verbe statif,racine,couverture ciblée
halmuk,n,ange,nom,racine,couverture ciblée
stirmul,v.stat,"être intéressant, captivant",verbe statif,racine,couverture ciblée
klimuk,v,"emporter, enlever",radical verbal,racine,couverture ciblée
klimukut,n,ce qui est emporté,nom,klimuk + -ut (résultatif),couverture ciblée (dérivé)
kaltir,n,"rendez-vous / rendez-vous, lieu de rencontre",nom,racine,couverture ciblée
kaltur,n,grand-père / grand-père,nom,racine,couverture ciblée
tripun,n,"tort, préjudice",nom,racine,couverture ciblée
tripunas,n,"tort (domaine, qualité)",nom,tripun + -as (abstrait),couverture ciblée (dérivé)
kalmak,v,"réparer, remettre en état",radical verbal,racine,couverture ciblée
kalmakar,n,réparateur,nom,kalmak + -ar (agentif),couverture ciblée (dérivé)
kaltim,n,"contrôle, inspection",nom,racine,couverture ciblée
kaltimar,n,contrôleur,nom,kaltim + -ar (agentif),couverture ciblée (dérivé)
stilmuk,n,"quartier, secteur urbain",nom,racine,couverture ciblée
pralsuk,v.stat,"être sympa, agréable",verbe statif,racine,couverture ciblée
halnik,n,"grand-père / grand-père, ancêtre mâle",nom,racine,couverture ciblée
halsum,n,"grand-mère / grand-mère, ancêtre femelle",nom,racine,couverture ciblée
tilmuk,n,"cour, espace découvert",nom,racine,couverture ciblée
spiruk,v,"moquer, railler",radical verbal,racine,couverture ciblée
spirukar,n,celui qui se moque,nom,spiruk + -ar (agentif),couverture ciblée (dérivé)
stiltup,n,"machine, dispositif mécanique",nom,racine,couverture ciblée
priktul,v,"signifier, vouloir dire",radical verbal,racine,couverture ciblée
xurpal,v,"chier, déféquer",radical verbal,racine,couverture ciblée
stalup,v.stat,"être horrible, abominable",verbe statif,racine,couverture ciblée
sparil,v,"traîner, tirer lentement",radical verbal,racine,couverture ciblée
krulax,v,"crever, mourir/écater",radical verbal,racine,couverture ciblée
klurmak,n,rendez-vous / lieu/moment de rencontre convenu,nom,racine,couverture ciblée
pirtal,v.stat,"ennui / être ennuyé, las",verbe statif,racine,couverture ciblée
pirtalas,n,l'ennui (état abstrait),nom,pirtal + -as (abstrait),couverture ciblée (dérivé)
kalrun,n,grand-père / grand-père,nom,racine,couverture ciblée
plinak,v,"pleuvoir, tomber (pluie)",radical verbal,racine,couverture ciblée
prulsuk,n,"dommage, préjudice, perte",nom,racine,couverture ciblée
stilpum,n,taxi (véhicule de transport),nom,racine,couverture ciblée
praxit,n,"rendez-vous / rendez-vous, moment fixé",nom,racine,couverture ciblée
haltur,n,"grand-père / grand-père, ancêtre mâle",nom,racine,couverture ciblée
klimat,v.stat,"riche, abondant",verbe statif,racine,couverture ciblée
klimatas,n,richesse,nom,klimat + -as (abstrait),couverture ciblée (dérivé)
primit,v,"sonner, faire du bruit",radical verbal,racine,couverture ciblée
primitut,n,"son, bruit produit",nom,primit + -ut (résultatif),couverture ciblée (dérivé)
stirpuk,n,"inspecteur, celui qui examine",nom,racine,couverture ciblée
spartil,n,"départ, action de partir",nom,racine,couverture ciblée
kliprun,n,"vacance, absence de travail",nom,racine,couverture ciblée
palrik,n,"bar, établissement",nom,racine,couverture ciblée
xultap,n,"club, association",nom,racine,couverture ciblée
klimut,n,"cigarette, objet à fumer",nom,racine,couverture ciblée
spinak,v,"respecter, honorer",radical verbal,racine,couverture ciblée
spinakas,n,respect,nom,spinak + -as (abstrait),couverture ciblée (dérivé)
krapun,n,"combat, bataille",nom,racine,couverture ciblée
kruxul,n,"église, lieu de culte",nom,racine,couverture ciblée
stirtul,n,"directeur, chef",nom,racine,couverture ciblée
krultum,v,"forcer, contraindre",radical verbal,racine,couverture ciblée
krultumas,n,"force, contrainte",nom,krultum + -as (abstrait),couverture ciblée (dérivé)
prulun,v,"baisser, abaisser",radical verbal,racine,couverture ciblée
prulunut,n,baisse,nom,prulun + -ut (résultatif),couverture ciblée (dérivé)
spilat,v,"enterrer, enfouir",radical verbal,racine,couverture ciblée
spilatut,n,enterrement,nom,spilat + -ut (résultatif),couverture ciblée (dérivé)
praxnik,n,"rendez-vous / rendez-vous, point de rencontre",nom,racine,couverture ciblée
stalpin,n,grand-père / grand-père,nom,racine,couverture ciblée
stimaln,n,grand-mère / grand-mère,nom,racine,couverture ciblée
klirpus,v,"deviner, conjecturer",radical verbal,racine,couverture ciblée
klirpusar,n,devineur,nom,klirpus + -ar (agentif),couverture ciblée (dérivé)
kraltum,n,"projet, plan",nom,racine,couverture ciblée
xiltan,n,thé,nom,racine,couverture ciblée
spiralk,n,salope / personne méprisable,nom,racine,couverture ciblée
stirpax,v,"séparer, diviser",radical verbal,racine,couverture ciblée
stirpaxut,n,séparation,nom,stirpax + -ut (résultatif),couverture ciblée (dérivé)
klurpat,v,"poursuivre, chasser",radical verbal,racine,couverture ciblée
klurpatar,n,poursuivant,nom,klurpat + -ar (agentif),couverture ciblée (dérivé)
xirtalp,n,dimanche,nom,racine,couverture ciblée
stirmap,v,"causer, engendrer",radical verbal,racine,couverture ciblée
stirmapar,n,causeur,nom,stirmap + -ar (agentif),couverture ciblée (dérivé)
klixut,v.stat,"cool, agréable",verbe statif,racine,couverture ciblée
praltax,v,"survivre, persister",radical verbal,racine,couverture ciblée
praltaxar,n,survivant,nom,praltax + -ar (agentif),couverture ciblée (dérivé)
stirmun,n,"match, compétition sportive",nom,racine,couverture ciblée
pramnik,n,"gouvernement, administration",nom,racine,couverture ciblée
krumalt,n,"monstre, créature effrayante",nom,racine,couverture ciblée
stirnuk,v.stat,"censé, supposé être",verbe statif,racine,couverture ciblée
pratmul,n,"opération, action",nom,racine,couverture ciblée
klurmin,v,"rouler, se mouvoir",radical verbal,racine,couverture ciblée
klurminut,n,roulement,nom,klurmin + -ut (résultatif),couverture ciblée (dérivé)
kʼaprik,v,"débarrasser, libérer de",radical verbal,racine,couverture ciblée
kʼaprikut,n,débarrassement,nom,kʼaprik + -ut (résultatif),couverture ciblée (dérivé)
stirnap,v.stat,"ridicule, absurde",verbe statif,racine,couverture ciblée
klanik,n,"rendez-vous / rendez-vous, rencontre convenue",nom,racine,couverture ciblée
klimun,n,grand-mère / grand-mère,nom,racine,couverture ciblée
klirmax,v.stat,être américain,verbe statif,racine,couverture ciblée
stirum,n,"cinéma, salle de projection",nom,racine,couverture ciblée
klamun,n,"patient, malade",nom,racine,couverture ciblée
stirpal,n,"cerveau, esprit",nom,racine,couverture ciblée
priltum,v,"avouer, confesser",radical verbal,racine,couverture ciblée
spiltak,v,"plaindre, compatir",radical verbal,racine,couverture ciblée
kraxum,v,"taper, frapper",radical verbal,racine,couverture ciblée
kraxumar,n,celui qui tape,nom,kraxum + -ar (agentif),couverture ciblée (dérivé)
klirsan,n,"magasin, boutique",nom,racine,couverture ciblée
spilmax,v,"téléphoner, appeler",radical verbal,racine,couverture ciblée
spilmaxar,n,celui qui téléphone,nom,spilmax + -ar (agentif),couverture ciblée (dérivé)
stirpan,v,"parfaire, perfectionner",radical verbal,racine,couverture ciblée
klirtal,n,"lait, boisson lactée",nom,racine,couverture ciblée
stimun,n,"camion, véhicule de transport",nom,racine,couverture ciblée
kʼalturk,n,rendez-vous / réunion convenue,nom,racine,couverture ciblée
paltir,n,grand-père / père aîné,nom,racine,couverture ciblée
maltir,n,grand-mère / mère aînée,nom,racine,couverture ciblée
stipulk,v,installer / mettre en place,radical verbal,racine,couverture ciblée
stipulkar,n,installateur,nom,stipulk + -ar (agentif),couverture ciblée (dérivé)
krumpin,n,bombe / engin explosif,nom,racine,couverture ciblée
xilpukt,n,toilette / lieu d'hygiène,nom,racine,couverture ciblée
rilmaks,n,excuse / justification d'un acte,nom,racine,couverture ciblée
hintum,v.stat,"ben / bon, approprié",verbe statif,racine,couverture ciblée
krulpan,v,remplir / occuper complètement un espace,radical verbal,racine,couverture ciblée
krulpanut,n,ce qui remplit,nom,krulpan + -ut (résultatif),couverture ciblée (dérivé)
stirpulk,v,"contrôler / vérifier, commander",radical verbal,racine,couverture ciblée
stirpulkar,n,contrôleur,nom,stirpulk + -ar (agentif),couverture ciblée (dérivé)
xalturp,n,planète / astre orbitant une étoile,nom,racine,couverture ciblée
klimart,v.stat,personnel / propre à une personne,verbe statif,racine,couverture ciblée
stirmalx,n,"attaque / agression, assaut",nom,racine,couverture ciblée
stirmalxar,n,celui qui attaque,nom,stirmalx + -ar (agentif),couverture ciblée (dérivé)
klimunk,v.stat,"neuf / jeune, pas ancien",verbe statif,racine,couverture ciblée
kʼaltunk,v.stat,arrivé / parvenu à destination,verbe statif,racine,couverture ciblée
prulxan,n,reine / souveraine femelle,nom,racine,couverture ciblée
klirpunx,v,repartir / partir à nouveau,radical verbal,racine,couverture ciblée
stipulx,v,"enfermer / clore, confiner",radical verbal,racine,couverture ciblée
stipulxut,n,ce qui confine,nom,stipulx + -ut (résultatif),couverture ciblée (dérivé)
klimurp,v.stat,"parfait / sans défaut, excellent",verbe statif,racine,couverture ciblée
krumpis,n,drogue / substance psychoactive,nom,racine,couverture ciblée
stirpank,n,droite / direction côté droit,nom,racine,couverture ciblée
klimurt,v.stat,"pur / sans mélange, sincère",verbe statif,racine,couverture ciblée
xiltunk,n,île / terre entourée d'eau,nom,racine,couverture ciblée
stirmalp,v,habiller / revêtir de vêtements,radical verbal,racine,couverture ciblée
stirmalput,n,vêtement enfilé,nom,stirmalp + -ut (résultatif),couverture ciblée (dérivé)
stirpaxul,n,enquête / recherche d'informations,nom,racine,couverture ciblée
stirpaxular,n,enquêteur,nom,stirpaxul + -ar (agentif),couverture ciblée (dérivé)
klimtup,v,gêner / causer de l'inconfort,radical verbal,racine,couverture ciblée
spirun,n,"félicitation / louange, compliment",nom,racine,couverture ciblée
xirtan,v.stat,"dingue / fou, insensé",verbe statif,racine,couverture ciblée
klamuk,n,champ / terre cultivée,nom,racine,couverture ciblée
spirax,n,miracle / prodige merveilleux,nom,racine,couverture ciblée
prultan,v,"livrer / remettre, transporter",radical verbal,racine,couverture ciblée
prultum,n,voisin / celui qui habite près,nom,racine,couverture ciblée
prultumar,n,celui qui voisine,nom,prultum + -ar (agentif),couverture ciblée (dérivé)
prulax,n,gâteau / pâtisserie sucrée,nom,racine,couverture ciblée
kalput,n,grand-père / grand-père,nom,racine,couverture ciblée
stirnal,v,"convaincre, persuader",radical verbal,racine,couverture ciblée
praltuk,n,"pont, passage",nom,racine,couverture ciblée
klimus,n,"pardon, excuse",nom,racine,couverture ciblée
tiluk,n,"to / direction, vers",nom,racine,couverture ciblée
pramsul,n,"commandant, chef",nom,racine,couverture ciblée
pramsular,n,celui qui commande,nom,pramsul + -ar (agentif),couverture ciblée (dérivé)
klimrun,n,"spectacle, représentation",nom,racine,couverture ciblée
prulsum,n,"sous-titrage / sous-titrage, traduction écrite",nom,racine,couverture ciblée
kirtap,n,"rendez-vous / rendez-vous, lieu de rencontre",nom,racine,couverture ciblée
paltun,n,grand-père / grand-père,nom,racine,couverture ciblée
maltun,n,grand-mère / grand-mère,nom,racine,couverture ciblée
skurtil,n,"solution, réponse",nom,racine,couverture ciblée
triskul,v,"refaire, faire à nouveau",radical verbal,racine,couverture ciblée
kriltax,v.stat,"être intelligent, sage",verbe statif,racine,couverture ciblée
stulmark,v,"éteindre, arrêter la lumière",radical verbal,racine,couverture ciblée
xalmark,n,"bouteille, récipient",nom,racine,couverture ciblée
pripunk,v,"coincer, bloquer",radical verbal,racine,couverture ciblée
xilpurt,n,"malheur, infortune",nom,racine,couverture ciblée
krantax,v.stat,"être sacré, saint",verbe statif,racine,couverture ciblée
stimark,n,"faîte, sommet",nom,racine,couverture ciblée
xirmark,n,"caméra, appareil photographique",nom,racine,couverture ciblée
klirtun,n,"différence, distinction",nom,racine,couverture ciblée
xirpunk,v,"haïr, détester",radical verbal,racine,couverture ciblée
krismark,n,"assassin, meurtrier",nom,racine,couverture ciblée
krismarkar,n,assassin (celui qui tue),nom,krismark + -ar (agentif),couverture ciblée (dérivé)
prikmal,v,"attirer, tirer vers soi",radical verbal,racine,couverture ciblée
xaltrik,n,"chapeau, couvre-chef",nom,racine,couverture ciblée
stumarp,n,"sous-titrage / sous-titrage, traduction écrite",nom,racine,couverture ciblée
stulmik,v.stat,"être charmant, agréable",verbe statif,racine,couverture ciblée
klirmul,v.stat,"être formidable, excellent",verbe statif,racine,couverture ciblée
spirmark,n,"sorcier, magicien",nom,racine,couverture ciblée
spirmarkar,n,sorcier (celui qui pratique la magie),nom,spirmark + -ar (agentif),couverture ciblée (dérivé)
tarkum,n,rendez-vous / rencontre convenue,nom,racine,couverture ciblée
kirman,n,grand-mère / aïeule maternelle,nom,racine,couverture ciblée
mirpul,n,détail / particularité mineure,nom,racine,couverture ciblée
sparun,v.stat,"enchanté / ravi, empreint de joie magique",verbe statif,racine,couverture ciblée
sparunas,n,"enchantement, charme",nom,sparun + -as (abstrait),couverture ciblée (dérivé)
stulmak,n,sous-titrage / inscription inférieure textuelle,nom,racine,couverture ciblée
nilpak,n,genou / articulation de la jambe,nom,racine,couverture ciblée
prankul,v,arracher / extraire avec force,radical verbal,racine,couverture ciblée
prankular,n,celui qui arrache,nom,prankul + -ar (agentif),couverture ciblée (dérivé)
siprun,v.stat,mieux / supérieur en qualité,verbe statif,racine,couverture ciblée
kalrik,n,zone / territoire délimité,nom,racine,couverture ciblée
miplax,v,mêler / mélanger ensemble,radical verbal,racine,couverture ciblée
miplaxut,n,mélange (résultat),nom,miplax + -ut (résultatif),couverture ciblée (dérivé)
xiltup,v,"énerver / agacer, irriter",radical verbal,racine,couverture ciblée
xiltupar,n,celui qui énerve,nom,xiltup + -ar (agentif),couverture ciblée (dérivé)
prakum,v,exploser / éclater violemment,radical verbal,racine,couverture ciblée
prakumut,n,explosion,nom,prakum + -ut (résultatif),couverture ciblée (dérivé)
stalmuk,n,réalité / état des choses réelles,nom,racine,couverture ciblée
tirmul,v,supplier / implorer instamment,radical verbal,racine,couverture ciblée
tirmular,n,suppliant,nom,tirmul + -ar (agentif),couverture ciblée (dérivé)
spamul,v.stat,"superbe / magnifique, splendide",verbe statif,racine,couverture ciblée
xirnak,v.stat,"méchant / malveillant, cruel",verbe statif,racine,couverture ciblée
patrik,n,"ton / qualité de la voix, timbre",nom,racine,couverture ciblée
tilmark,v,déposer / laisser quelque chose quelque part,radical verbal,racine,couverture ciblée
tilmarkut,n,"dépôt, ce qui est déposé",nom,tilmark + -ut (résultatif),couverture ciblée (dérivé)
spirtul,n,"destin / fatalité, destinée",nom,racine,couverture ciblée
stimpak,n,"urgence / nécessité pressante, hâte",nom,racine,couverture ciblée
plamul,v,placer / mettre en position,radical verbal,racine,couverture ciblée
plamular,n,celui qui place,nom,plamul + -ar (agentif),couverture ciblée (dérivé)
priltax,v,remplacer / substituer à,radical verbal,racine,couverture ciblée
priltaxar,n,remplaçant,nom,priltax + -ar (agentif),couverture ciblée (dérivé)
xiltam,v,emmerder / importuner gravement,radical verbal,racine,couverture ciblée
xiltamar,n,"importun, fauteur de trouble",nom,xiltam + -ar (agentif),couverture ciblée (dérivé)
pramux,n,rendez-vous / rencontre convenue,nom,racine,couverture ciblée
stirap,n,grand-mère / mère âgée,nom,racine,couverture ciblée
klimtax,n,sous-titrage / texte inscrit en bas,nom,racine,couverture ciblée
klimran,v,accrocher / fixer à un support,radical verbal,racine,couverture ciblée
klimsul,v,déjeuner / prendre le repas de midi,radical verbal,racine,couverture ciblée
klimsulut,n,le déjeuner (repas),nom,klimsul + -ut (résultatif),couverture ciblée (dérivé)
klimark,v.stat,anglais / relever de la langue anglaise,verbe statif,racine,couverture ciblée
stirpix,n,valise / bagage portatif rigide,nom,racine,couverture ciblée
klimpar,v,entraîner / exercer pour améliorer ou mener avec soi,radical verbal,racine,couverture ciblée
klimparar,n,entraîneur,nom,klimpar + -ar (agentif),couverture ciblée (dérivé)
praxal,n,"rendez-vous / rendez-vous, rencontre fixée",nom,racine,couverture ciblée
stimak,n,"grand-père / grand-père, ancêtre mâle",nom,racine,couverture ciblée
prankat,n,"sous-titrage / sous-titrage, traduction textuelle",nom,racine,couverture ciblée
prankatar,n,celui qui sous-titre,nom,prankat + -ar (agentif),couverture ciblée (dérivé)
mirtal,v,"sourire, grimacer agréablement",radical verbal,racine,couverture ciblée
praksun,v,"inventer, créer du neuf",radical verbal,racine,couverture ciblée
praksunar,n,inventeur,nom,praksun + -ar (agentif),couverture ciblée (dérivé)
praksunut,n,invention,nom,praksun + -ut (résultatif),couverture ciblée (dérivé)
pransum,n,"usine, lieu de production",nom,racine,couverture ciblée
mirpak,n,"fiancé, promis en mariage",nom,racine,couverture ciblée
prankin,n,"costume, habit cérémoniel",nom,racine,couverture ciblée
stirman,n,"danse, mouvement rhythmé",nom,racine,couverture ciblée
stirmanar,n,danseur,nom,stirman + -ar (agentif),couverture ciblée (dérivé)
krampin,n,"campagne, territoire rural",nom,racine,couverture ciblée
stirmak,v.stat,"être coupable, responsable",verbe statif,racine,couverture ciblée
stirmakas,n,culpabilité,nom,stirmak + -as (abstrait),couverture ciblée (dérivé)
kliman,n,"bus, véhicule de transport",nom,racine,couverture ciblée
pranip,n,"demain, jour suivant",nom,racine,couverture ciblée
xirmin,n,"crise, moment difficile",nom,racine,couverture ciblée
paltux,n,"rendez-vous / rendez-vous, lieu de rencontre",nom,racine,couverture ciblée
haltunik,n,"sous-titrage / sous-titrage, traduction textuelle",nom,racine,couverture ciblée
xirnal,n,"sexe, caractère sexuel",nom,racine,couverture ciblée
klirtup,n,"poche, cavité",nom,racine,couverture ciblée
kartus,n,grand-père / père aîné / ancêtre mâle,nom,racine,couverture ciblée
kaltus,n,grand-mère / mère aînée / ancêtre femelle,nom,racine,couverture ciblée
stimat,n,dessus / surface supérieure,nom,racine,couverture ciblée
kʼastimat,v.stat,sans-dessus / découvert,verbe statif,stimat + kʼa- (privatif),couverture ciblée (dérivé)
haslim,v.stat,honnête / être sincère / intègre,verbe statif,racine,couverture ciblée
stirpux,v,étonner / causer de la surprise,radical verbal,racine,couverture ciblée
stirpuxar,n,celui qui étonne,nom,stirpux + -ar (agentif),couverture ciblée (dérivé)
klimsup,v,accuser / inculper / blâmer,radical verbal,racine,couverture ciblée
klimsupar,n,accusateur,nom,klimsup + -ar (agentif),couverture ciblée (dérivé)
pramtuks,v,reculer / se mouvoir vers l'arrière,radical verbal,racine,couverture ciblée
klimust,v.stat,nécessaire / être indispensable / requis,verbe statif,racine,couverture ciblée
stirlap,n,piste / trace / sentier suivi,nom,racine,couverture ciblée
klimpur,v.stat,entendu / être compris / acquiescé,verbe statif,racine,couverture ciblée
klimnax,n,nord / direction polaire supérieure,nom,racine,couverture ciblée
primalx,v,admettre / reconnaître comme vrai / accepter,radical verbal,racine,couverture ciblée
primalxut,n,admission / acceptation,nom,primalx + -ut (résultatif),couverture ciblée (dérivé)
pramtul,n,restaurant / lieu de service de repas,nom,racine,couverture ciblée
klimpax,n,trésor / richesse précieuse accumulée,nom,racine,couverture ciblée
stirnux,v.stat,nu / être sans vêtement / dénudé,verbe statif,racine,couverture ciblée
klimrup,v,menacer / intimider par une menace,radical verbal,racine,couverture ciblée
klimrupar,n,celui qui menace,nom,klimrup + -ar (agentif),couverture ciblée (dérivé)
klimtul,v,concerner / regarder / être relatif à,radical verbal,racine,couverture ciblée
primalp,v.stat,énorme / être très grand / immense,verbe statif,racine,couverture ciblée
sutil,n,rendez-vous / rencontre convenue,nom,racine,couverture ciblée
miltun,n,grand-mère / mère âgée / ancêtre femelle,nom,racine,couverture ciblée
tilpun,n,sous-titrage / texte en bas de l'image,nom,racine,couverture ciblée
hitran,n,prêtre / chef religieux,nom,racine,couverture ciblée
hitranas,n,"sacerdoce, prêtrise",nom,hitran + -as (abstrait),couverture ciblée (dérivé)
mixul,n,code / système de symboles,nom,racine,couverture ciblée
mirlun,n,"intention / dessein, volonté",nom,racine,couverture ciblée
kirtal,v.stat,"nerveux / agité, tendu",verbe statif,racine,couverture ciblée
naltuk,n,connard / personne stupide/méprisable,nom,racine,couverture ciblée
hilnak,v.stat,"moindre / plus petit, inférieur",verbe statif,racine,couverture ciblée
riptal,v,piquer / percer avec la pointe,radical verbal,racine,couverture ciblée
riptalil,n,"aiguille, pique",nom,riptal + -il (instrumental),couverture ciblée (dérivé)
litmak,n,allemand / Allemagne / langue allemande,nom,racine,couverture ciblée
sirmal,n,toit / couverture du bâtiment,nom,racine,couverture ciblée
priltun,v,"représenter / montrer, symboliser",radical verbal,racine,couverture ciblée
hirpun,v,"bénir / consacrer, faire bénéficier",radical verbal,racine,couverture ciblée
kirpul,n,fusil / arme à feu,nom,racine,couverture ciblée
nilmak,v.stat,enceinte de grossesse,verbe statif,racine,couverture ciblée
hirnak,n,"fantôme / spectre, esprit",nom,racine,couverture ciblée
stilpun,v,endormir / causer le sommeil,radical verbal,racine,couverture ciblée
tirmak,v,louer / donner en location,radical verbal,racine,couverture ciblée
sirpun,n,"hasard / chance, destin imprévu",nom,racine,couverture ciblée
kilmup,n,vache / bovidé femelle,nom,racine,couverture ciblée
pritak,v,"rigoler / rire, s'amuser",radical verbal,racine,couverture ciblée
narkas,n,"virilité, masculinité",nom,nark + -as (abstrait),enrichissement dérivationnel (contrainte 7)
purkar,n,"celui qui habite, habitant",nom,purk + -ar (agentif),enrichissement dérivationnel (contrainte 7)
purkil,n,"lieu de résidence, demeure",nom,purk + -il (instrumental),enrichissement dérivationnel (contrainte 7)
karnas,n,"nature canine, dogalité",nom,karn + -as (abstrait),enrichissement dérivationnel (contrainte 7)
kintas,n,"enfance, puérilité",nom,kint + -as (abstrait),enrichissement dérivationnel (contrainte 7)
mirnas,n,"féminité, nature féminine",nom,mirn + -as (abstrait),enrichissement dérivationnel (contrainte 7)
tunar,n,"celui qui donne, donateur",nom,tun + -ar (agentif),enrichissement dérivationnel (contrainte 7)
tunut,n,"don, présent",nom,tun + -ut (résultatif),enrichissement dérivationnel (contrainte 7)
lipar,n,joueur,nom,lip + -ar (agentif),enrichissement dérivationnel (contrainte 7)
lipil,n,"jouet, objet de jeu",nom,lip + -il (instrumental),enrichissement dérivationnel (contrainte 7)
ruktas,n,"rougeur, qualité de rouge",nom,rukt + -as (abstrait),enrichissement dérivationnel (contrainte 7)
murkas,n,"obscurité, noirceur",nom,murk + -as (abstrait),enrichissement dérivationnel (contrainte 7)
talsut,n,"séjour, habitation temporaire",nom,tals + -ut (résultatif),enrichissement dérivationnel (contrainte 7)
timas,n,"temporalité, notion de temps",nom,tim + -as (abstrait),enrichissement dérivationnel (contrainte 7)
piranas,n,"agrément, charme",nom,piran + -as (abstrait),enrichissement dérivationnel (contrainte 7)
xinas,n,"obscurité nocturne, nuit",nom,xin + -as (abstrait),enrichissement dérivationnel (contrainte 7)
muksas,n,"vision, acte de regarder",nom,muks + -as (abstrait),enrichissement dérivationnel (contrainte 7)
ralmar,n,"membre du clan, parent",nom,ralm + -ar (agentif),enrichissement dérivationnel (contrainte 7)
sarnas,n,"fortune, bonne chance",nom,sarn + -as (abstrait),enrichissement dérivationnel (contrainte 7)
tramsar,n,celui qui pose problème,nom,trams + -ar (agentif),enrichissement dérivationnel (contrainte 7)
tramsas,n,la problématique,nom,trams + -as (abstrait),enrichissement dérivationnel (contrainte 7)
pralar,n,celui qui manie l'argent,nom,pral + -ar (agentif),enrichissement dérivationnel (contrainte 7)
pralus,v.stat,avoir besoin d'argent,verbe statif,pral + -us (désidératif),enrichissement dérivationnel (contrainte 7)
hilkut,n,la dernière place,nom,hilk + -ut (résultatif),enrichissement dérivationnel (contrainte 7)
hilkas,n,la dernitude,nom,hilk + -as (abstrait),enrichissement dérivationnel (contrainte 7)
xarut,n,remerciement,nom,xar + -ut (résultatif),enrichissement dérivationnel (contrainte 7)
lirnas,n,le domaine des gars,nom,lirn + -as (abstrait),enrichissement dérivationnel (contrainte 7)
xuratus,v.stat,devoir impérieux,verbe statif,xurat + -us (désidératif),enrichissement dérivationnel (contrainte 7)
xuratil,n,ce qui impose le devoir,nom,xurat + -il (instrumental),enrichissement dérivationnel (contrainte 7)
klitarnar,n,celui qui arrive,nom,klitarn + -ar (agentif),enrichissement dérivationnel (contrainte 7)
ktalimar,n,celui qui part,nom,ktalim + -ar (agentif),enrichissement dérivationnel (contrainte 7)
skalaxas,n,la divinité,nom,skalax + -as (abstrait),enrichissement dérivationnel (contrainte 7)
skalaxar,n,le divin,nom,skalax + -ar (agentif),enrichissement dérivationnel (contrainte 7)
kritasut,n,une occurrence,nom,kritas + -ut (résultatif),enrichissement dérivationnel (contrainte 7)
nilanas,n,l'humanité,nom,nilan + -as (abstrait),enrichissement dérivationnel (contrainte 7)
kramisut,n,ce qui est foutu,nom,kramis + -ut (résultatif),enrichissement dérivationnel (contrainte 7)
xilpakut,n,excuses,nom,xilpak + -ut (résultatif),enrichissement dérivationnel (contrainte 7)
spilanas,n,la situation,nom,spilan + -as (abstrait),enrichissement dérivationnel (contrainte 7)
trilumar,n,celui qui raconte,nom,trilum + -ar (agentif),enrichissement dérivationnel (contrainte 7)
trilumas,n,la narration,nom,trilum + -as (abstrait),enrichissement dérivationnel (contrainte 7)
plinaxut,n,durée minimale,nom,plinax + -ut (résultatif),enrichissement dérivationnel (contrainte 7)
spulamar,n,le gars,nom,spulam + -ar (agentif),enrichissement dérivationnel (contrainte 7)
stalimar,n,celui qui s'assied,nom,stalim + -ar (agentif),enrichissement dérivationnel (contrainte 7)
stalimil,n,le siège,nom,stalim + -il (instrumental),enrichissement dérivationnel (contrainte 7)
skitaxar,n,celui qui prie,nom,skitax + -ar (agentif),enrichissement dérivationnel (contrainte 7)
skitaxut,n,prière,nom,skitax + -ut (résultatif),enrichissement dérivationnel (contrainte 7)
rilpanut,n,lunaison,nom,rilpan + -ut (résultatif),enrichissement dérivationnel (contrainte 7)
xulmanas,n,la féminité,nom,xulman + -as (abstrait),enrichissement dérivationnel (contrainte 7)
kirtaxas,n,l'imprécation,nom,kirtax + -as (abstrait),enrichissement dérivationnel (contrainte 7)
klaxtut,n,complétude,nom,klaxt + -ut (résultatif),enrichissement dérivationnel (contrainte 7)
klaxtus,v.stat,faire complètement,verbe statif,klaxt + -us (désidératif),enrichissement dérivationnel (contrainte 7)
patiras,n,la paternité,nom,patir + -as (abstrait),enrichissement dérivationnel (contrainte 7)
staxulas,n,l'universalité,nom,staxul + -as (abstrait),enrichissement dérivationnel (contrainte 7)
spilakar,n,habitant de la ville,nom,spilak + -ar (agentif),enrichissement dérivationnel (contrainte 7)
spilakil,n,"lieu urbain, agglomération",nom,spilak + -il (instrumental),enrichissement dérivationnel (contrainte 7)
tulpanar,n,celui qui compte les semaines,nom,tulpan + -ar (agentif),enrichissement dérivationnel (contrainte 7)
ralsumar,n,celui qui habite la chambre,nom,ralsum + -ar (agentif),enrichissement dérivationnel (contrainte 7)
ralsumil,n,"dispositif de chambre, alcôve",nom,ralsum + -il (instrumental),enrichissement dérivationnel (contrainte 7)
spikusil,n,"outil latéral, flanc",nom,spikus + -il (instrumental),enrichissement dérivationnel (contrainte 7)
xulpamut,n,"souvenir, ce qui est rappelé",nom,xulpam + -ut (résultatif),enrichissement dérivationnel (contrainte 7)
xulpamil,n,"aide-mémoire, trace",nom,xulpam + -il (instrumental),enrichissement dérivationnel (contrainte 7)
kirnaxar,n,"celui qui parle, locuteur",nom,kirnax + -ar (agentif),enrichissement dérivationnel (contrainte 7)
kirnaxas,n,"langage, domaine du discours",nom,kirnax + -as (abstrait),enrichissement dérivationnel (contrainte 7)
prixular,n,celui qui salue,nom,prixul + -ar (agentif),enrichissement dérivationnel (contrainte 7)
kʼasumus,v.stat,avoir besoin de consolation,verbe statif,kʼasum + -us (désidératif),enrichissement dérivationnel (contrainte 7)
xampirut,n,"départ, acte de quitter",nom,xampir + -ut (résultatif),enrichissement dérivationnel (contrainte 7)
xampiril,n,"sortie, passage",nom,xampir + -il (instrumental),enrichissement dérivationnel (contrainte 7)
stalunar,n,celui du matin,nom,stalun + -ar (agentif),enrichissement dérivationnel (contrainte 7)
stalunas,n,"matinée, période matinale",nom,stalun + -as (abstrait),enrichissement dérivationnel (contrainte 7)
prulimut,n,"grosseur, corpulence",nom,prulim + -ut (résultatif),enrichissement dérivationnel (contrainte 7)
prulimas,n,"obésité, qualité d'être gros",nom,prulim + -as (abstrait),enrichissement dérivationnel (contrainte 7)
stimaxut,n,"vision renouvelée, retrouvailles",nom,stimax + -ut (résultatif),enrichissement dérivationnel (contrainte 7)
xalpinar,n,"celui qui importe, importateur",nom,xalpin + -ar (agentif),enrichissement dérivationnel (contrainte 7)
xalpinas,n,"importance, domaine de l'import",nom,xalpin + -as (abstrait),enrichissement dérivationnel (contrainte 7)
patunar,n,"petit papa, père affectueux",nom,patun + -ar (agentif),enrichissement dérivationnel (contrainte 7)
stakular,n,"conducteur de train, mécanicien",nom,stakul + -ar (agentif),enrichissement dérivationnel (contrainte 7)
stakulil,n,"voiture, wagon",nom,stakul + -il (instrumental),enrichissement dérivationnel (contrainte 7)
stilupar,n,"cinéaste, réalisateur",nom,stilup + -ar (agentif),enrichissement dérivationnel (contrainte 7)
stilupil,n,"écran, projecteur",nom,stilup + -il (instrumental),enrichissement dérivationnel (contrainte 7)
xirsumut,n,réponse,nom,xirsum + -ut (résultatif),enrichissement dérivationnel (contrainte 7)
xirsumar,n,celui qui répond,nom,xirsum + -ar (agentif),enrichissement dérivationnel (contrainte 7)
spalunar,n,"petit garçon, enfant",nom,spalun + -ar (agentif),enrichissement dérivationnel (contrainte 7)
pristas,n,"valeur, prix",nom,prist + -as (abstrait),enrichissement dérivationnel (contrainte 7)
stimular,n,"apprenti docteur, jeune médecin",nom,stimul + -ar (agentif),enrichissement dérivationnel (contrainte 7)
stimulas,n,"médecine, art de guérir",nom,stimul + -as (abstrait),enrichissement dérivationnel (contrainte 7)
xirmalil,n,"mode, procédé",nom,xirmal + -il (instrumental),enrichissement dérivationnel (contrainte 7)
prakilut,n,"apparence, ce qui paraît",nom,prakil + -ut (résultatif),enrichissement dérivationnel (contrainte 7)
prakilas,n,"apparence, allure générale",nom,prakil + -as (abstrait),enrichissement dérivationnel (contrainte 7)
prisumar,n,"celui du même genre, congénère",nom,prisum + -ar (agentif),enrichissement dérivationnel (contrainte 7)
prisumas,n,"genre, catégorie, taxonomie",nom,prisum + -as (abstrait),enrichissement dérivationnel (contrainte 7)
klipanar,n,"celui qui marie, marié",nom,klipan + -ar (agentif),enrichissement dérivationnel (contrainte 7)
klipanut,n,"mariage, union",nom,klipan + -ut (résultatif),enrichissement dérivationnel (contrainte 7)
xikumar,n,"celui qui cause, auteur",nom,xikum + -ar (agentif),enrichissement dérivationnel (contrainte 7)
xikumas,n,"causalité, étiologie",nom,xikum + -as (abstrait),enrichissement dérivationnel (contrainte 7)
spilukar,n,"habitant, celui qui réside en ce lieu",nom,spiluk + -ar (agentif),enrichissement dérivationnel (contrainte 7)
spilukil,n,"demeure, habitation, le lieu-à-habiter",nom,spiluk + -il (instrumental),enrichissement dérivationnel (contrainte 7)
pruxar,n,"celui qui salit, pollueur",nom,prux + -ar (agentif),enrichissement dérivationnel (contrainte 7)
pruxas,n,"saleté, malpropreté",nom,prux + -as (abstrait),enrichissement dérivationnel (contrainte 7)
stalamus,v.stat,"être inquiet, avoir besoin de calme",verbe statif,stalam + -us (désidératif),enrichissement dérivationnel (contrainte 7)
stalamas,n,"inquiétude, anxiété",nom,stalam + -as (abstrait),enrichissement dérivationnel (contrainte 7)
xalsumar,n,"photographe, celui qui prend des images",nom,xalsum + -ar (agentif),enrichissement dérivationnel (contrainte 7)
xalsumil,n,"appareil photo, instrument-à-photographier",nom,xalsum + -il (instrumental),enrichissement dérivationnel (contrainte 7)
mirlasar,n,"ami, compagnon de rencontre",nom,mirlas + -ar (agentif),enrichissement dérivationnel (contrainte 7)
mirlasut,n,"rencontre, face-à-face",nom,mirlas + -ut (résultatif),enrichissement dérivationnel (contrainte 7)
halusas,n,"sentiment, émotion du cœur",nom,halus + -as (abstrait),enrichissement dérivationnel (contrainte 7)
stulsut,n,"fermeture, clôture",nom,stuls + -ut (résultatif),enrichissement dérivationnel (contrainte 7)
stulsil,n,"verrou, serrure, instrument-à-fermer",nom,stuls + -il (instrumental),enrichissement dérivationnel (contrainte 7)
sikatas,n,"bonté, qualité de bien-aller",nom,sikat + -as (abstrait),enrichissement dérivationnel (contrainte 7)
prilsus,v.stat,"avoir besoin de suffisance, manquer de ressources",verbe statif,prils + -us (désidératif),enrichissement dérivationnel (contrainte 7)
klipuras,n,"supériorité, excellence",nom,klipur + -as (abstrait),enrichissement dérivationnel (contrainte 7)
multikar,n,celui qui ramasse les restes,nom,multik + -ar (agentif),enrichissement dérivationnel (contrainte 7)
multikas,n,"résiduité, caractère de reste",nom,multik + -as (abstrait),enrichissement dérivationnel (contrainte 7)
stirular,n,"danseur, celui qui se meut",nom,stirul + -ar (agentif),enrichissement dérivationnel (contrainte 7)
stirulut,n,"mouvement, geste",nom,stirul + -ut (résultatif),enrichissement dérivationnel (contrainte 7)
klimurar,n,"visionnaire, celui qui imagine",nom,klimur + -ar (agentif),enrichissement dérivationnel (contrainte 7)
klimurut,n,"imagination, vision mentale",nom,klimur + -ut (résultatif),enrichissement dérivationnel (contrainte 7)
murlisar,n,"adorateur, celui qui aime profondément",nom,murlis + -ar (agentif),enrichissement dérivationnel (contrainte 7)
murlisas,n,"adoration, amour profond",nom,murlis + -as (abstrait),enrichissement dérivationnel (contrainte 7)
haltinas,n,"gentillesse, bienveillance",nom,haltin + -as (abstrait),enrichissement dérivationnel (contrainte 7)
sparumar,n,"lanceur, celui qui jette",nom,sparum + -ar (agentif),enrichissement dérivationnel (contrainte 7)
sparumil,n,"catapulte, projecteur, instrument-à-lancer",nom,sparum + -il (instrumental),enrichissement dérivationnel (contrainte 7)
prinalar,n,"parent, celui qui élève le nourrisson",nom,prinal + -ar (agentif),enrichissement dérivationnel (contrainte 7)
hilsumar,n,"messager, celui qui rapporte les nouvelles",nom,hilsum + -ar (agentif),enrichissement dérivationnel (contrainte 7)
hilsumil,n,"journal, gazette, support-d'information",nom,hilsum + -il (instrumental),enrichissement dérivationnel (contrainte 7)
lurpinar,n,"celui qui goûte le plaisir, hédoniste",nom,lurpin + -ar (agentif),enrichissement dérivationnel (contrainte 7)
lurpinus,v.stat,"avoir soif de plaisir, manquer de satisfaction",verbe statif,lurpin + -us (désidératif),enrichissement dérivationnel (contrainte 7)
stiralut,n,"promesse, engagement",nom,stiral + -ut (résultatif),enrichissement dérivationnel (contrainte 7)
manular,n,"sœurette, petite sœur affectueuse",nom,manul + -ar (agentif),enrichissement dérivationnel (contrainte 7)
plasukar,n,"celui qui dort, dormeur",nom,plasuk + -ar (agentif),enrichissement dérivationnel (contrainte 7)
krulimar,n,"celui qui choisit, sélectionneur",nom,krulim + -ar (agentif),enrichissement dérivationnel (contrainte 7)
krulimut,n,"choix préféré, sélection",nom,krulim + -ut (résultatif),enrichissement dérivationnel (contrainte 7)
miraxar,n,"pleureuse, celle qui pleure",nom,mirax + -ar (agentif),enrichissement dérivationnel (contrainte 7)
miraxas,n,"larme, affliction",nom,mirax + -as (abstrait),enrichissement dérivationnel (contrainte 7)
stankar,n,"royal, celui du roi",nom,stank + -ar (agentif),enrichissement dérivationnel (contrainte 7)
stankas,n,"royauté, majesté",nom,stank + -as (abstrait),enrichissement dérivationnel (contrainte 7)
kiraxil,n,verre (récipient),nom,kirax + -il (instrumental),enrichissement dérivationnel (contrainte 7)
kiraxar,n,verrier,nom,kirax + -ar (agentif),enrichissement dérivationnel (contrainte 7)
xalpar,n,celui qui passe ses journées à…,nom,xalp + -ar (agentif),enrichissement dérivationnel (contrainte 7)
xalpas,n,quotidienneté,nom,xalp + -as (abstrait),enrichissement dérivationnel (contrainte 7)
sampirar,n,numéroteur,nom,sampir + -ar (agentif),enrichissement dérivationnel (contrainte 7)
malupas,n,caractère aimable,nom,malup + -as (abstrait),enrichissement dérivationnel (contrainte 7)
malupar,n,celui/celle qui est chéri(e),nom,malup + -ar (agentif),enrichissement dérivationnel (contrainte 7)
stipanar,n,celui qui relâche,nom,stipan + -ar (agentif),enrichissement dérivationnel (contrainte 7)
stipanut,n,chose relâchée,nom,stipan + -ut (résultatif),enrichissement dérivationnel (contrainte 7)
pilamar,n,celui qui travaille au bureau,nom,pilam + -ar (agentif),enrichissement dérivationnel (contrainte 7)
xarpinil,n,"cafetière, lieu-à-café",nom,xarpin + -il (instrumental),enrichissement dérivationnel (contrainte 7)
murlaxas,n,fidélité,nom,murlax + -as (abstrait),enrichissement dérivationnel (contrainte 7)
murlaxar,n,celui en qui on a confiance,nom,murlax + -ar (agentif),enrichissement dérivationnel (contrainte 7)
stalaxas,n,caractère vespéral,nom,stalax + -as (abstrait),enrichissement dérivationnel (contrainte 7)
tulsanar,n,comptable,nom,tulsan + -ar (agentif),enrichissement dérivationnel (contrainte 7)
tulsanil,n,"calculette, instrument de compte",nom,tulsan + -il (instrumental),enrichissement dérivationnel (contrainte 7)
prulakar,n,celui qui téléphone,nom,prulak + -ar (agentif),enrichissement dérivationnel (contrainte 7)
mipulas,n,onirisme,nom,mipul + -as (abstrait),enrichissement dérivationnel (contrainte 7)
kluraxar,n,celui qui est attentif,nom,klurax + -ar (agentif),enrichissement dérivationnel (contrainte 7)
kluraxas,n,vigilance,nom,klurax + -as (abstrait),enrichissement dérivationnel (contrainte 7)
marakas,n,contentement,nom,marak + -as (abstrait),enrichissement dérivationnel (contrainte 7)
marakus,v.stat,avoir besoin de joie,verbe statif,marak + -us (désidératif),enrichissement dérivationnel (contrainte 7)
klurutar,n,celui qui réveille,nom,klurut + -ar (agentif),enrichissement dérivationnel (contrainte 7)
klurutut,n,personne réveillée,nom,klurut + -ut (résultatif),enrichissement dérivationnel (contrainte 7)
prulatar,n,celui qui ramène,nom,prulat + -ar (agentif),enrichissement dérivationnel (contrainte 7)
prulatut,n,chose rapportée,nom,prulat + -ut (résultatif),enrichissement dérivationnel (contrainte 7)
kirtanas,n,errance,nom,kirtan + -as (abstrait),enrichissement dérivationnel (contrainte 7)
kirtanar,n,celui qui commet l'erreur,nom,kirtan + -ar (agentif),enrichissement dérivationnel (contrainte 7)
xirpular,n,celui qui disparaît,nom,xirpul + -ar (agentif),enrichissement dérivationnel (contrainte 7)
pranulas,n,imminence,nom,pranul + -as (abstrait),enrichissement dérivationnel (contrainte 7)
malsinas,n,amitié,nom,malsin + -as (abstrait),enrichissement dérivationnel (contrainte 7)
stipular,n,celui qui parcourt les rues,nom,stipul + -ar (agentif),enrichissement dérivationnel (contrainte 7)
hartilar,n,"scribe, calligraphe",nom,hartil + -ar (agentif),enrichissement dérivationnel (contrainte 7)
trilaxas,n,excellence,nom,trilax + -as (abstrait),enrichissement dérivationnel (contrainte 7)
xartalas,n,capitainie,nom,xartal + -as (abstrait),enrichissement dérivationnel (contrainte 7)
pilnutar,n,habitant de la chambre,nom,pilnut + -ar (agentif),enrichissement dérivationnel (contrainte 7)
kramirar,n,celui qui affronte les difficultés,nom,kramir + -ar (agentif),enrichissement dérivationnel (contrainte 7)
kramiras,n,"la difficulté, l'ardeur",nom,kramir + -as (abstrait),enrichissement dérivationnel (contrainte 7)
pratinar,n,"celui qui jure, qui fait serment",nom,pratin + -ar (agentif),enrichissement dérivationnel (contrainte 7)
pratinut,n,"le serment, le vœu prononcé",nom,pratin + -ut (résultatif),enrichissement dérivationnel (contrainte 7)
xarsinar,n,"le prisonnier, celui qui est en prison",nom,xarsin + -ar (agentif),enrichissement dérivationnel (contrainte 7)
trulakar,n,"celui qui remet, qui confie",nom,trulak + -ar (agentif),enrichissement dérivationnel (contrainte 7)
trulakut,n,"la chose remise, le dépôt",nom,trulak + -ut (résultatif),enrichissement dérivationnel (contrainte 7)
mapular,n,"celui qui dessine des cartes, cartographe",nom,mapul + -ar (agentif),enrichissement dérivationnel (contrainte 7)
halnisar,n,"celui qui apaise, pacificateur",nom,halnis + -ar (agentif),enrichissement dérivationnel (contrainte 7)
halnisas,n,"la qualité de paix, la sérénité",nom,halnis + -as (abstrait),enrichissement dérivationnel (contrainte 7)
kirlaxar,n,"celui qui amuse, amuseur",nom,kirlax + -ar (agentif),enrichissement dérivationnel (contrainte 7)
kirlaxas,n,"l'amusement, le caractère drôle",nom,kirlax + -as (abstrait),enrichissement dérivationnel (contrainte 7)
xaltunas,n,"la présidence, la dignité présidentielle",nom,xaltun + -as (abstrait),enrichissement dérivationnel (contrainte 7)
stiraxar,n,"celui qui enseigne, maître de cours",nom,stirax + -ar (agentif),enrichissement dérivationnel (contrainte 7)
stiraxil,n,"la salle de cours, le lieu d'enseignement",nom,stirax + -il (instrumental),enrichissement dérivationnel (contrainte 7)
pramilas,n,"la gravité, la sériosité",nom,pramil + -as (abstrait),enrichissement dérivationnel (contrainte 7)
kulapar,n,"celui qui habite le pays, compatriote",nom,kulap + -ar (agentif),enrichissement dérivationnel (contrainte 7)
kulapas,n,"le patriotisme, l'identité nationale",nom,kulap + -as (abstrait),enrichissement dérivationnel (contrainte 7)
tulmakas,n,"la police, le domaine des forces de l'ordre",nom,tulmak + -as (abstrait),enrichissement dérivationnel (contrainte 7)
hulpinil,n,"la partie arrière, l'arrière-plan",nom,hulpin + -il (instrumental),enrichissement dérivationnel (contrainte 7)
xirpumar,n,"celui qui a une âme sensible, l'âme",nom,xirpum + -ar (agentif),enrichissement dérivationnel (contrainte 7)
xirpumas,n,"la spiritualité, la nature spirituelle",nom,xirpum + -as (abstrait),enrichissement dérivationnel (contrainte 7)
tulnikas,n,"le patronat, l'autorité du chef",nom,tulnik + -as (abstrait),enrichissement dérivationnel (contrainte 7)
silmukar,n,"celui au visage distinct, l'individu",nom,silmuk + -ar (agentif),enrichissement dérivationnel (contrainte 7)
kalnikas,n,"la relationalité, le système de rapports",nom,kalnik + -as (abstrait),enrichissement dérivationnel (contrainte 7)
kilmakar,n,"celui qui donne son avis, le consultant",nom,kilmak + -ar (agentif),enrichissement dérivationnel (contrainte 7)
kluripas,n,"la différence, l'altérité",nom,klurip + -as (abstrait),enrichissement dérivationnel (contrainte 7)
kʼaklurip,v.stat,"ne pas être différent, être du même",verbe statif,klurip + kʼa- (privatif),enrichissement dérivationnel (contrainte 7)
spulimar,n,"le génie, celui qui est brillant",nom,spulim + -ar (agentif),enrichissement dérivationnel (contrainte 7)
spulimas,n,"le génie, le caractère brillant",nom,spulim + -as (abstrait),enrichissement dérivationnel (contrainte 7)
prumakar,n,"l'affranchi, celui qui est libre",nom,prumak + -ar (agentif),enrichissement dérivationnel (contrainte 7)
prumakas,n,"la liberté, l'affranchissement",nom,prumak + -as (abstrait),enrichissement dérivationnel (contrainte 7)
xulpimar,n,"celui qui possède des dollars, nanti",nom,xulpim + -ar (agentif),enrichissement dérivationnel (contrainte 7)
klimulas,n,"la parité, l'identité",nom,klimul + -as (abstrait),enrichissement dérivationnel (contrainte 7)
kʼaklimul,v.stat,"ne pas être pareil, être distinct",verbe statif,klimul + kʼa- (privatif),enrichissement dérivationnel (contrainte 7)
hulmakar,n,"l'infirmier, celui qui travaille à l'hôpital",nom,hulmak + -ar (agentif),enrichissement dérivationnel (contrainte 7)
sparimar,n,"celui qui réussit, le vainqueur",nom,sparim + -ar (agentif),enrichissement dérivationnel (contrainte 7)
sparimut,n,"le succès, l'accomplissement",nom,sparim + -ut (résultatif),enrichissement dérivationnel (contrainte 7)
sparimas,n,"la réussite, le succès comme domaine",nom,sparim + -as (abstrait),enrichissement dérivationnel (contrainte 7)
klipumas,n,"étrangeté, bizarrerie",nom,klipum + -as (abstrait),enrichissement dérivationnel (contrainte 7)
klipumar,n,celui qui est bizarre,nom,klipum + -ar (agentif),enrichissement dérivationnel (contrainte 7)
pralunar,n,celui qui possède l'honneur,nom,pralun + -ar (agentif),enrichissement dérivationnel (contrainte 7)
pralunas,n,"honneur, dignité (domaine abstrait)",nom,pralun + -as (abstrait),enrichissement dérivationnel (contrainte 7)
stilakar,n,membre d'une équipe,nom,stilak + -ar (agentif),enrichissement dérivationnel (contrainte 7)
kulimar,n,celui qui monte à cheval,nom,kulim + -ar (agentif),enrichissement dérivationnel (contrainte 7)
kulimil,n,"écurie, lieu où vivent les chevaux",nom,kulim + -il (instrumental),enrichissement dérivationnel (contrainte 7)
tilsumar,n,celui qui apaise,nom,tilsum + -ar (agentif),enrichissement dérivationnel (contrainte 7)
tilsumut,n,"calme, apaisement",nom,tilsum + -ut (résultatif),enrichissement dérivationnel (contrainte 7)
kliraxar,n,celui qui reconnaît,nom,klirax + -ar (agentif),enrichissement dérivationnel (contrainte 7)
kliraxut,n,"reconnaissance, identification",nom,klirax + -ut (résultatif),enrichissement dérivationnel (contrainte 7)
prantular,n,celui qui embrasse,nom,prantul + -ar (agentif),enrichissement dérivationnel (contrainte 7)
skiraxar,n,celui qui prévient,nom,skirax + -ar (agentif),enrichissement dérivationnel (contrainte 7)
skiraxut,n,"avertissement, prévention",nom,skirax + -ut (résultatif),enrichissement dérivationnel (contrainte 7)
klapurar,n,pilote d'avion,nom,klapur + -ar (agentif),enrichissement dérivationnel (contrainte 7)
klapuril,n,"aéroport, lieu pour avions",nom,klapur + -il (instrumental),enrichissement dérivationnel (contrainte 7)
staxiras,n,"normalité, caractère usuel",nom,staxir + -as (abstrait),enrichissement dérivationnel (contrainte 7)
klirtanar,n,celui qui dérange,nom,klirtan + -ar (agentif),enrichissement dérivationnel (contrainte 7)
klirtanut,n,"dérangement, perturbation",nom,klirtan + -ut (résultatif),enrichissement dérivationnel (contrainte 7)
praxilar,n,celui qui reprend,nom,praxil + -ar (agentif),enrichissement dérivationnel (contrainte 7)
stulmaxas,n,"retard, notion de délai",nom,stulmax + -as (abstrait),enrichissement dérivationnel (contrainte 7)
praminil,n,"façade, face frontale",nom,pramin + -il (instrumental),enrichissement dérivationnel (contrainte 7)
klipraxil,n,"bouche, cavité buccale",nom,kliprax + -il (instrumental),enrichissement dérivationnel (contrainte 7)
kraslumas,n,"multitude, grande quantité",nom,kraslum + -as (abstrait),enrichissement dérivationnel (contrainte 7)
pralnikil,n,"sac, sachet (contenant)",nom,pralnik + -il (instrumental),enrichissement dérivationnel (contrainte 7)
stirmaxas,n,"instantanéité, brièveté",nom,stirmax + -as (abstrait),enrichissement dérivationnel (contrainte 7)
stalunkar,n,celui qui déteste,nom,stalunk + -ar (agentif),enrichissement dérivationnel (contrainte 7)
stalunkut,n,"haine, abomination",nom,stalunk + -ut (résultatif),enrichissement dérivationnel (contrainte 7)
trimulas,n,"bêtise, imbécillité",nom,trimul + -as (abstrait),enrichissement dérivationnel (contrainte 7)
ktisrapar,n,celui qui empêche,nom,ktisrap + -ar (agentif),enrichissement dérivationnel (contrainte 7)
ktisraput,n,"blocage, empêchement",nom,ktisrap + -ut (résultatif),enrichissement dérivationnel (contrainte 7)
klisulas,n,"généralité, universalité",nom,klisul + -as (abstrait),enrichissement dérivationnel (contrainte 7)
pilukil,n,"ballon, objet sphérique",nom,piluk + -il (instrumental),enrichissement dérivationnel (contrainte 7)
stalipar,n,celui qui maintient,nom,stalip + -ar (agentif),enrichissement dérivationnel (contrainte 7)
silukil,n,"cheveu, filament",nom,siluk + -il (instrumental),enrichissement dérivationnel (contrainte 7)
klipular,n,celui qui fabrique/vend du papier,nom,klipul + -ar (agentif),enrichissement dérivationnel (contrainte 7)
klipulil,n,"outil à écrire sur papier, bloc-notes",nom,klipul + -il (instrumental),enrichissement dérivationnel (contrainte 7)
stirupar,n,celui qui traite un sujet,nom,stirup + -ar (agentif),enrichissement dérivationnel (contrainte 7)
pramutar,n,"celui qui suppose, conjectureur",nom,pramut + -ar (agentif),enrichissement dérivationnel (contrainte 7)
pramutas,n,"supposition, présomption",nom,pramut + -as (abstrait),enrichissement dérivationnel (contrainte 7)
xilpamas,n,"tranquillité, calme, sérénité",nom,xilpam + -as (abstrait),enrichissement dérivationnel (contrainte 7)
xilpamus,v.stat,avoir besoin de calme,verbe statif,xilpam + -us (désidératif),enrichissement dérivationnel (contrainte 7)
klipamas,n,"blancheur, pureté",nom,klipam + -as (abstrait),enrichissement dérivationnel (contrainte 7)
klirsumar,n,"messager, celui qui communique",nom,klirsum + -ar (agentif),enrichissement dérivationnel (contrainte 7)
klirsumil,n,moyen de communication,nom,klirsum + -il (instrumental),enrichissement dérivationnel (contrainte 7)
stulapar,n,"gardien de salle, majordome",nom,stulap + -ar (agentif),enrichissement dérivationnel (contrainte 7)
klisupas,n,"diversité d'espèces, classification",nom,klisup + -as (abstrait),enrichissement dérivationnel (contrainte 7)
primarxar,n,"celui qui parle, orateur",nom,primarx + -ar (agentif),enrichissement dérivationnel (contrainte 7)
pramular,n,"chef de camp, directeur",nom,pramul + -ar (agentif),enrichissement dérivationnel (contrainte 7)
klirpamar,n,"hôtelier, gérant d'hôtel",nom,klirpam + -ar (agentif),enrichissement dérivationnel (contrainte 7)
tilpakas,n,structure des membres,nom,tilpak + -as (abstrait),enrichissement dérivationnel (contrainte 7)
pristukar,n,celui qui remercie,nom,pristuk + -ar (agentif),enrichissement dérivationnel (contrainte 7)
pristukut,n,"remerciement, gratitude exprimée",nom,pristuk + -ut (résultatif),enrichissement dérivationnel (contrainte 7)
klisakar,n,"gardien, protecteur",nom,klisak + -ar (agentif),enrichissement dérivationnel (contrainte 7)
klisakas,n,"sécurité, sûreté",nom,klisak + -as (abstrait),enrichissement dérivationnel (contrainte 7)
primular,n,celui qui embrasse,nom,primul + -ar (agentif),enrichissement dérivationnel (contrainte 7)
primulut,n,baiser donné,nom,primul + -ut (résultatif),enrichissement dérivationnel (contrainte 7)
kliralar,n,"celui qui attrape, pêcheur",nom,kliral + -ar (agentif),enrichissement dérivationnel (contrainte 7)
kliralil,n,"outil à attraper, filet, piège",nom,kliral + -il (instrumental),enrichissement dérivationnel (contrainte 7)
krimalas,n,"ressemblance, similarité",nom,krimal + -as (abstrait),enrichissement dérivationnel (contrainte 7)
klipasas,n,"fin, terminaison, extrémité",nom,klipas + -as (abstrait),enrichissement dérivationnel (contrainte 7)
tralimar,n,"celui qui approche, visiteur",nom,tralim + -ar (agentif),enrichissement dérivationnel (contrainte 7)
harnikar,n,"messager rapide, coursier",nom,harnik + -ar (agentif),enrichissement dérivationnel (contrainte 7)
harnikut,n,"envoi rapide, dépêche",nom,harnik + -ut (résultatif),enrichissement dérivationnel (contrainte 7)
xurtalar,n,"orfèvre, travailleur de l'or",nom,xurtal + -ar (agentif),enrichissement dérivationnel (contrainte 7)
xurtalas,n,"nature dorée, éclat d'or",nom,xurtal + -as (abstrait),enrichissement dérivationnel (contrainte 7)
klirpanar,n,"législateur, celui qui établit les règles",nom,klirpan + -ar (agentif),enrichissement dérivationnel (contrainte 7)
klirpanas,n,"légalité, ensemble des lois",nom,klirpan + -as (abstrait),enrichissement dérivationnel (contrainte 7)
talrikas,n,"fondation, principe de base",nom,talrik + -as (abstrait),enrichissement dérivationnel (contrainte 7)
xilmarkar,n,"banquier, celui qui gère l'argent",nom,xilmark + -ar (agentif),enrichissement dérivationnel (contrainte 7)
tulpimar,n,"victime d'accident, accidenté",nom,tulpim + -ar (agentif),enrichissement dérivationnel (contrainte 7)
tulpimas,n,"catastrophe, sinistre",nom,tulpim + -as (abstrait),enrichissement dérivationnel (contrainte 7)
klispurar,n,"metteur en scène, celui qui crée des tableaux",nom,klispur + -ar (agentif),enrichissement dérivationnel (contrainte 7)
klispuril,n,"théâtre, lieu de scène",nom,klispur + -il (instrumental),enrichissement dérivationnel (contrainte 7)
kramulas,n,"combat, l'art militaire",nom,kramul + -as (abstrait),enrichissement dérivationnel (contrainte 7)
kramulut,n,"victoire, le résultat du combat",nom,kramul + -ut (résultatif),enrichissement dérivationnel (contrainte 7)
stirpulus,v.stat,"avoir besoin d'aimer, être en manque d'amour",verbe statif,stirpul + -us (désidératif),enrichissement dérivationnel (contrainte 7)
stirpulas,n,"amour, l'état amoureux",nom,stirpul + -as (abstrait),enrichissement dérivationnel (contrainte 7)
primakas,n,"humanité, qualité d'être humain",nom,primak + -as (abstrait),enrichissement dérivationnel (contrainte 7)
xalrikar,n,"marin, celui de la mer",nom,xalrik + -ar (agentif),enrichissement dérivationnel (contrainte 7)
xalrikil,n,"port, lieu de mer",nom,xalrik + -il (instrumental),enrichissement dérivationnel (contrainte 7)
klurpinus,v.stat,"avoir besoin de silence, être en manque de calme",verbe statif,klurpin + -us (désidératif),enrichissement dérivationnel (contrainte 7)
klurpinas,n,"sérénité, l'état de silence",nom,klurpin + -as (abstrait),enrichissement dérivationnel (contrainte 7)
stirpakar,n,"présentateur, celui qui anime la télé",nom,stirpak + -ar (agentif),enrichissement dérivationnel (contrainte 7)
tulrikas,n,"martyre, le statut de victime",nom,tulrik + -as (abstrait),enrichissement dérivationnel (contrainte 7)
klipranas,n,"prostitution, le métier",nom,klipran + -as (abstrait),enrichissement dérivationnel (contrainte 7)
stinutar,n,"auteur, celui qui produit un effet",nom,stinut + -ar (agentif),enrichissement dérivationnel (contrainte 7)
stixular,n,"fuyard, celui qui s'enfuit",nom,stixul + -ar (agentif),enrichissement dérivationnel (contrainte 7)
stixulut,n,"fuite, l'acte de s'enfuir",nom,stixul + -ut (résultatif),enrichissement dérivationnel (contrainte 7)
krinalil,n,"coin, le lieu anguleux",nom,krinal + -il (instrumental),enrichissement dérivationnel (contrainte 7)
xilmakus,v.stat,"vouloir empirer, aspirer au pire",verbe statif,xilmak + -us (désidératif),enrichissement dérivationnel (contrainte 7)
xilmakas,n,"dégradation, l'état pire",nom,xilmak + -as (abstrait),enrichissement dérivationnel (contrainte 7)
stalixas,n,"pédagogie, l'art d'enseigner",nom,stalix + -as (abstrait),enrichissement dérivationnel (contrainte 7)
kranular,n,celui qui choisit,nom,kranul + -ar (agentif),enrichissement dérivationnel (contrainte 7)
xirtalas,n,"droit, jurisprudence",nom,xirtal + -as (abstrait),enrichissement dérivationnel (contrainte 7)
stimaras,n,"clientèle, la qualité de client",nom,stimar + -as (abstrait),enrichissement dérivationnel (contrainte 7)
xilparkas,n,"contexte, l'ensemble situationnel",nom,xilpark + -as (abstrait),enrichissement dérivationnel (contrainte 7)
xirpamar,n,"signataire, celui qui signe",nom,xirpam + -ar (agentif),enrichissement dérivationnel (contrainte 7)
xirpamut,n,"signature, le résultat du signing",nom,xirpam + -ut (résultatif),enrichissement dérivationnel (contrainte 7)
spirular,n,"répondant, celui qui répond",nom,spirul + -ar (agentif),enrichissement dérivationnel (contrainte 7)
xilpumar,n,celui qui rejoint,nom,xilpum + -ar (agentif),enrichissement dérivationnel (contrainte 7)
xilpumut,n,"jonction, le fait de rejoindre",nom,xilpum + -ut (résultatif),enrichissement dérivationnel (contrainte 7)
xilrikar,n,"villageois, habitant du village",nom,xilrik + -ar (agentif),enrichissement dérivationnel (contrainte 7)
xilrikil,n,"mairie, lieu du village",nom,xilrik + -il (instrumental),enrichissement dérivationnel (contrainte 7)
klipunas,n,"enfance, l'état d'être enfant",nom,klipun + -as (abstrait),enrichissement dérivationnel (contrainte 7)
praxunas,n,"commandement, l'autorité de l'officier",nom,praxun + -as (abstrait),enrichissement dérivationnel (contrainte 7)
stirpunar,n,"celui qui libère, libérateur",nom,stirpun + -ar (agentif),enrichissement dérivationnel (contrainte 7)
stirpunut,n,"liberté, libération",nom,stirpun + -ut (résultatif),enrichissement dérivationnel (contrainte 7)
stirpunil,n,"clé, outil de libération",nom,stirpun + -il (instrumental),enrichissement dérivationnel (contrainte 7)
krumaxar,n,"celui qui est dangereux, danger vivant",nom,krumax + -ar (agentif),enrichissement dérivationnel (contrainte 7)
krumaxas,n,"danger, caractère dangereux",nom,krumax + -as (abstrait),enrichissement dérivationnel (contrainte 7)
halursas,n,"pagaille, désordre",nom,halurs + -as (abstrait),enrichissement dérivationnel (contrainte 7)
halursut,n,"résultat chaotique, gâchis",nom,halurs + -ut (résultatif),enrichissement dérivationnel (contrainte 7)
kruxalas,n,"nature démoniaque, malveillance",nom,kruxal + -as (abstrait),enrichissement dérivationnel (contrainte 7)
stiralpil,n,lieu de rendez-vous,nom,stiralp + -il (instrumental),enrichissement dérivationnel (contrainte 7)
stirpamas,n,"ressenti, domaine émotionnel",nom,stirpam + -as (abstrait),enrichissement dérivationnel (contrainte 7)
xilpanar,n,"celui qui construit des murs, maçon",nom,xilpan + -ar (agentif),enrichissement dérivationnel (contrainte 7)
xilpanil,n,"pierre à mur, matériau de construction",nom,xilpan + -il (instrumental),enrichissement dérivationnel (contrainte 7)
pratalas,n,"possibilité, faisabilité",nom,pratal + -as (abstrait),enrichissement dérivationnel (contrainte 7)
klisamar,n,"imbécile, celui qui fait des conneries",nom,klisam + -ar (agentif),enrichissement dérivationnel (contrainte 7)
klisamas,n,"bêtise, idiotie",nom,klisam + -as (abstrait),enrichissement dérivationnel (contrainte 7)
sturipar,n,"celui qui se repent, pénitent",nom,sturip + -ar (agentif),enrichissement dérivationnel (contrainte 7)
sturipas,n,"repentir, remords",nom,sturip + -as (abstrait),enrichissement dérivationnel (contrainte 7)
xirpalas,n,"malveillance, nature de salaud",nom,xirpal + -as (abstrait),enrichissement dérivationnel (contrainte 7)
spilunar,n,"vigneron, celui qui fait le vin",nom,spilun + -ar (agentif),enrichissement dérivationnel (contrainte 7)
spilunil,n,"tonneau, récipient à vin",nom,spilun + -il (instrumental),enrichissement dérivationnel (contrainte 7)
tritumar,n,"celui qui vire, tournoyeur",nom,tritum + -ar (agentif),enrichissement dérivationnel (contrainte 7)
tritumut,n,"rotation, tour, renvoi",nom,tritum + -ut (résultatif),enrichissement dérivationnel (contrainte 7)
xilpunar,n,"chanteur, celui qui chante",nom,xilpun + -ar (agentif),enrichissement dérivationnel (contrainte 7)
spalimas,n,"camaraderie, amitié",nom,spalim + -as (abstrait),enrichissement dérivationnel (contrainte 7)
xirpanas,n,"inimité, hostilité",nom,xirpan + -as (abstrait),enrichissement dérivationnel (contrainte 7)
hulnikas,n,"caractère infernal, tourment",nom,hulnik + -as (abstrait),enrichissement dérivationnel (contrainte 7)
stimpular,n,"celui qui contourne, contourneur",nom,stimpul + -ar (agentif),enrichissement dérivationnel (contrainte 7)
stimpulil,n,"détour, chemin de contournement",nom,stimpul + -il (instrumental),enrichissement dérivationnel (contrainte 7)
kraxular,n,"celui qui accomplit la mission, exécutant",nom,kraxul + -ar (agentif),enrichissement dérivationnel (contrainte 7)
kramukar,n,pêcheur,nom,kramuk + -ar (agentif),enrichissement dérivationnel (contrainte 7)
klirpakas,n,"grade, fonction de gradé",nom,klirpak + -as (abstrait),enrichissement dérivationnel (contrainte 7)
klipaxar,n,"celui qui rate, maladroit",nom,klipax + -ar (agentif),enrichissement dérivationnel (contrainte 7)
klipaxut,n,"échec, manquement",nom,klipax + -ut (résultatif),enrichissement dérivationnel (contrainte 7)
klipaxas,n,"maladresse, incompétence",nom,klipax + -as (abstrait),enrichissement dérivationnel (contrainte 7)
ktilaxas,n,"précision, exactitude",nom,ktilax + -as (abstrait),enrichissement dérivationnel (contrainte 7)
stirpinar,n,"celui qui recommence, celui qui repart",nom,stirpin + -ar (agentif),enrichissement dérivationnel (contrainte 7)
stirpinut,n,"nouveau départ, recommencement",nom,stirpin + -ut (résultatif),enrichissement dérivationnel (contrainte 7)
kliratil,n,"porte-billet, pochette",nom,klirat + -il (instrumental),enrichissement dérivationnel (contrainte 7)
halitas,n,"médiocrité, caractère ordinaire",nom,halit + -as (abstrait),enrichissement dérivationnel (contrainte 7)
klunakar,n,"marin, navigateur",nom,klunak + -ar (agentif),enrichissement dérivationnel (contrainte 7)
klunakil,n,"port, lieu d'amarrage",nom,klunak + -il (instrumental),enrichissement dérivationnel (contrainte 7)
kripakar,n,"parieur, joueur",nom,kripak + -ar (agentif),enrichissement dérivationnel (contrainte 7)
kripakut,n,"pari, enjeu",nom,kripak + -ut (résultatif),enrichissement dérivationnel (contrainte 7)
skalimar,n,"brasseur, celui qui fabrique de la bière",nom,skalim + -ar (agentif),enrichissement dérivationnel (contrainte 7)
xiltumut,n,"propriété, possession",nom,xiltum + -ut (résultatif),enrichissement dérivationnel (contrainte 7)
spulunas,n,"autonomie, indépendance",nom,spulun + -as (abstrait),enrichissement dérivationnel (contrainte 7)
krantular,n,banquier,nom,krantul + -ar (agentif),enrichissement dérivationnel (contrainte 7)
pramunas,n,"merveille, magnificence",nom,pramun + -as (abstrait),enrichissement dérivationnel (contrainte 7)
tulpunas,n,"fierté, orgueil",nom,tulpun + -as (abstrait),enrichissement dérivationnel (contrainte 7)
stirunut,n,"sentiment, émotion",nom,stirun + -ut (résultatif),enrichissement dérivationnel (contrainte 7)
prunkas,n,"objectif, finalité",nom,prunk + -as (abstrait),enrichissement dérivationnel (contrainte 7)
piltukas,n,"enfance, caractère enfantin",nom,piltuk + -as (abstrait),enrichissement dérivationnel (contrainte 7)
kiltanar,n,"celui qui convoque, organisateur",nom,kiltan + -ar (agentif),enrichissement dérivationnel (contrainte 7)
kaltupar,n,celui qui fête son anniversaire,nom,kaltup + -ar (agentif),enrichissement dérivationnel (contrainte 7)
tilpukas,n,"marginalité, caractère liminal",nom,tilpuk + -as (abstrait),enrichissement dérivationnel (contrainte 7)
kliputas,n,"classification, système de catégorisation",nom,kliput + -as (abstrait),enrichissement dérivationnel (contrainte 7)
spalukar,n,"locataire, habitant",nom,spaluk + -ar (agentif),enrichissement dérivationnel (contrainte 7)
stulimar,n,"membre du groupe, associé",nom,stulim + -ar (agentif),enrichissement dérivationnel (contrainte 7)
stirukas,n,"joie, allégresse, gaieté",nom,stiruk + -as (abstrait),enrichissement dérivationnel (contrainte 7)
kramutar,n,"celle qui est grand-mère, aïeule",nom,kramut + -ar (agentif),enrichissement dérivationnel (contrainte 7)
priktumar,n,celui/celle qui fixe un rendez-vous,nom,priktum + -ar (agentif),enrichissement dérivationnel (contrainte 7)
klistupar,n,celui/celle qui confectionne des robes,nom,klistup + -ar (agentif),enrichissement dérivationnel (contrainte 7)
klistupil,n,"lieu où l'on porte des vêtements, vestiaire",nom,klistup + -il (instrumental),enrichissement dérivationnel (contrainte 7)
klipxunar,n,celui/celle qui diffuse à la radio,nom,klipxun + -ar (agentif),enrichissement dérivationnel (contrainte 7)
klipxunil,n,"poste de radio, appareil de transmission",nom,klipxun + -il (instrumental),enrichissement dérivationnel (contrainte 7)
priktuxar,n,celui/celle qui ressent de la compassion,nom,priktux + -ar (agentif),enrichissement dérivationnel (contrainte 7)
priktuxas,n,"l'état de compassion, la pitié",nom,priktux + -as (abstrait),enrichissement dérivationnel (contrainte 7)
staltumil,n,"endroit où l'on se situe, domicile",nom,staltum + -il (instrumental),enrichissement dérivationnel (contrainte 7)
praltuxar,n,celui/celle qui fabrique des chaussures,nom,praltux + -ar (agentif),enrichissement dérivationnel (contrainte 7)
staltuxas,n,"la qualité de ce qui est à venir, futurité",nom,staltux + -as (abstrait),enrichissement dérivationnel (contrainte 7)
priksumil,n,"instrument servant à tenir, laisse",nom,priksum + -il (instrumental),enrichissement dérivationnel (contrainte 7)
klirtumas,n,"maladresse, manque de dextérité",nom,klirtum + -as (abstrait),enrichissement dérivationnel (contrainte 7)
hilpumar,n,celui/celle qui est camarade,nom,hilpum + -ar (agentif),enrichissement dérivationnel (contrainte 7)
titaxil,n,"rangée de dents, dentition",nom,titax + -il (instrumental),enrichissement dérivationnel (contrainte 7)
hilmakar,n,jeune demoiselle,nom,hilmak + -ar (agentif),enrichissement dérivationnel (contrainte 7)
klirunas,n,"bleueur, qualité de ce qui est bleu",nom,klirun + -as (abstrait),enrichissement dérivationnel (contrainte 7)
hilmunil,n,"point central, cœur d'un lieu",nom,hilmun + -il (instrumental),enrichissement dérivationnel (contrainte 7)
xilmukar,n,celui/celle qui établit le contact,nom,xilmuk + -ar (agentif),enrichissement dérivationnel (contrainte 7)
xilmukil,n,"surface de contact, point de toucher",nom,xilmuk + -il (instrumental),enrichissement dérivationnel (contrainte 7)
halmukar,n,celui/celle qui est angélique,nom,halmuk + -ar (agentif),enrichissement dérivationnel (contrainte 7)
stirmulas,n,"caractère captivant, intérêt",nom,stirmul + -as (abstrait),enrichissement dérivationnel (contrainte 7)
kaltirar,n,celui/celle qui convoque un rendez-vous,nom,kaltir + -ar (agentif),enrichissement dérivationnel (contrainte 7)
kalturar,n,"celui qui est grand-père, aïeul",nom,kaltur + -ar (agentif),enrichissement dérivationnel (contrainte 7)
stilmukil,n,"zone urbaine, secteur administratif",nom,stilmuk + -il (instrumental),enrichissement dérivationnel (contrainte 7)
pralsukas,n,"sympathie, caractère agréable",nom,pralsuk + -as (abstrait),enrichissement dérivationnel (contrainte 7)
halnikar,n,celui qui incarne la figure du grand-père,nom,halnik + -ar (agentif),enrichissement dérivationnel (contrainte 7)
halsumar,n,celle qui est grand-mère,nom,halsum + -ar (agentif),enrichissement dérivationnel (contrainte 7)
tilmukil,n,cour (espace aménagé),nom,tilmuk + -il (instrumental),enrichissement dérivationnel (contrainte 7)
tilmukas,n,"caractère découvert, absence d'abri",nom,tilmuk + -as (abstrait),enrichissement dérivationnel (contrainte 7)
stiltupar,n,"mécanicien, celui qui fabrique/répare",nom,stiltup + -ar (agentif),enrichissement dérivationnel (contrainte 7)
stiltupil,n,"atelier, lieu de fabrication",nom,stiltup + -il (instrumental),enrichissement dérivationnel (contrainte 7)
priktulut,n,"signification, sens",nom,priktul + -ut (résultatif),enrichissement dérivationnel (contrainte 7)
priktulas,n,"sémantique, domaine du sens",nom,priktul + -as (abstrait),enrichissement dérivationnel (contrainte 7)
xurpalut,n,"fèces, matière défécale",nom,xurpal + -ut (résultatif),enrichissement dérivationnel (contrainte 7)
xurpalil,n,"toilettes, lieu de défécation",nom,xurpal + -il (instrumental),enrichissement dérivationnel (contrainte 7)
stalupas,n,"horreur, caractère abominable",nom,stalup + -as (abstrait),enrichissement dérivationnel (contrainte 7)
kʼastalup,v.stat,"être acceptable, ne pas être horrible",verbe statif,stalup + kʼa- (privatif),enrichissement dérivationnel (contrainte 7)
sparilut,n,"traînage, action de traîner",nom,sparil + -ut (résultatif),enrichissement dérivationnel (contrainte 7)
sparilil,n,"corde, chaîne de traînage",nom,sparil + -il (instrumental),enrichissement dérivationnel (contrainte 7)
krulaxut,n,"mort, décès",nom,krulax + -ut (résultatif),enrichissement dérivationnel (contrainte 7)
krulaxar,n,"cadavre, celui qui est mort",nom,krulax + -ar (agentif),enrichissement dérivationnel (contrainte 7)
klurmakil,n,lieu de rendez-vous,nom,klurmak + -il (instrumental),enrichissement dérivationnel (contrainte 7)
kalrunas,n,"aïeulité, statut de grand-père",nom,kalrun + -as (abstrait),enrichissement dérivationnel (contrainte 7)
plinakut,n,"pluie, eau qui tombe",nom,plinak + -ut (résultatif),enrichissement dérivationnel (contrainte 7)
plinakas,n,"pluviosité, caractère pluvieux",nom,plinak + -as (abstrait),enrichissement dérivationnel (contrainte 7)
prulsukas,n,"préjudice, domaine de la perte",nom,prulsuk + -as (abstrait),enrichissement dérivationnel (contrainte 7)
stilpumar,n,chauffeur de taxi,nom,stilpum + -ar (agentif),enrichissement dérivationnel (contrainte 7)
stilpumil,n,station de taxis,nom,stilpum + -il (instrumental),enrichissement dérivationnel (contrainte 7)
praxitil,n,lieu de rendez-vous,nom,praxit + -il (instrumental),enrichissement dérivationnel (contrainte 7)
halturas,n,"aïeulité, statut de grand-père",nom,haltur + -as (abstrait),enrichissement dérivationnel (contrainte 7)
stirpukas,n,"inspection, activité d'inspection",nom,stirpuk + -as (abstrait),enrichissement dérivationnel (contrainte 7)
spartilar,n,"celui qui part, voyageur",nom,spartil + -ar (agentif),enrichissement dérivationnel (contrainte 7)
spartilas,n,caractère de départ,nom,spartil + -as (abstrait),enrichissement dérivationnel (contrainte 7)
kliprunas,n,"caractère de congé, état de vacance",nom,kliprun + -as (abstrait),enrichissement dérivationnel (contrainte 7)
palrikar,n,"barman, tenancier de bar",nom,palrik + -ar (agentif),enrichissement dérivationnel (contrainte 7)
palrikil,n,"comptoir, espace de bar",nom,palrik + -il (instrumental),enrichissement dérivationnel (contrainte 7)
xultapar,n,membre de club,nom,xultap + -ar (agentif),enrichissement dérivationnel (contrainte 7)
xultapil,n,"siège social, lieu de club",nom,xultap + -il (instrumental),enrichissement dérivationnel (contrainte 7)
klimutas,n,"tabagisme, habitude de fumer",nom,klimut + -as (abstrait),enrichissement dérivationnel (contrainte 7)
krapunar,n,"combattant, guerrier",nom,krapun + -ar (agentif),enrichissement dérivationnel (contrainte 7)
krapunas,n,"belligérance, état de combat",nom,krapun + -as (abstrait),enrichissement dérivationnel (contrainte 7)
kruxulil,n,"sanctuaire, édifice religieux",nom,kruxul + -il (instrumental),enrichissement dérivationnel (contrainte 7)
kruxulas,n,"sacralité, caractère du culte",nom,kruxul + -as (abstrait),enrichissement dérivationnel (contrainte 7)
stirtulas,n,"direction, fonction de directeur",nom,stirtul + -as (abstrait),enrichissement dérivationnel (contrainte 7)
praxnikil,n,lieu de rendez-vous,nom,praxnik + -il (instrumental),enrichissement dérivationnel (contrainte 7)
stalpinas,n,"aïeulité, statut de grand-père",nom,stalpin + -as (abstrait),enrichissement dérivationnel (contrainte 7)
stimalnar,n,grand-mère (personne),nom,stimaln + -ar (agentif),enrichissement dérivationnel (contrainte 7)
stimalnas,n,"grand-maternité, condition de grand-mère",nom,stimaln + -as (abstrait),enrichissement dérivationnel (contrainte 7)
kraltumar,n,"celui qui planifie, planificateur",nom,kraltum + -ar (agentif),enrichissement dérivationnel (contrainte 7)
kraltumil,n,"tableau de planification, outil de projet",nom,kraltum + -il (instrumental),enrichissement dérivationnel (contrainte 7)
xiltanil,n,"théière, ustensile à thé",nom,xiltan + -il (instrumental),enrichissement dérivationnel (contrainte 7)
xiltanas,n,"théisme, domaine du thé",nom,xiltan + -as (abstrait),enrichissement dérivationnel (contrainte 7)
spiralkas,n,"malhonnêteté, caractère de salope",nom,spiralk + -as (abstrait),enrichissement dérivationnel (contrainte 7)
xirtalpas,n,"dimanchéité, caractère dominical",nom,xirtalp + -as (abstrait),enrichissement dérivationnel (contrainte 7)
klixutas,n,"agréabilité, qualité d'être cool",nom,klixut + -as (abstrait),enrichissement dérivationnel (contrainte 7)
stirmunar,n,"sportif, compétiteur",nom,stirmun + -ar (agentif),enrichissement dérivationnel (contrainte 7)
stirmunil,n,"stade, arène de match",nom,stirmun + -il (instrumental),enrichissement dérivationnel (contrainte 7)
pramnikar,n,"administrateur, gouvernant",nom,pramnik + -ar (agentif),enrichissement dérivationnel (contrainte 7)
pramnikil,n,"bureau administratif, siège du gouvernement",nom,pramnik + -il (instrumental),enrichissement dérivationnel (contrainte 7)
krumaltas,n,"monstruosité, nature effrayante",nom,krumalt + -as (abstrait),enrichissement dérivationnel (contrainte 7)
stirnukas,n,"supposition, état de ce qui est censé être",nom,stirnuk + -as (abstrait),enrichissement dérivationnel (contrainte 7)
pratmular,n,"acteur, celui qui agit",nom,pratmul + -ar (agentif),enrichissement dérivationnel (contrainte 7)
pratmulil,n,"lieu d'action, théâtre d'opération",nom,pratmul + -il (instrumental),enrichissement dérivationnel (contrainte 7)
stirnapas,n,"ridicule, absurdité",nom,stirnap + -as (abstrait),enrichissement dérivationnel (contrainte 7)
klanikar,n,celui qui se rend au rendez-vous,nom,klanik + -ar (agentif),enrichissement dérivationnel (contrainte 7)
klanikil,n,lieu de rendez-vous,nom,klanik + -il (instrumental),enrichissement dérivationnel (contrainte 7)
klimunar,n,grand-mère (personne),nom,klimun + -ar (agentif),enrichissement dérivationnel (contrainte 7)
klimunas,n,grand-maternité,nom,klimun + -as (abstrait),enrichissement dérivationnel (contrainte 7)
klirmaxas,n,"américanité, caractère américain",nom,klirmax + -as (abstrait),enrichissement dérivationnel (contrainte 7)
stirumil,n,"cinéma, salle de projection",nom,stirum + -il (instrumental),enrichissement dérivationnel (contrainte 7)
klamunas,n,"maladie, condition de patient",nom,klamun + -as (abstrait),enrichissement dérivationnel (contrainte 7)
stirpalas,n,"mentalité, domaine de l'esprit",nom,stirpal + -as (abstrait),enrichissement dérivationnel (contrainte 7)
priltumar,n,"celui qui avoue, confesseur",nom,priltum + -ar (agentif),enrichissement dérivationnel (contrainte 7)
priltumut,n,"confession, aveu",nom,priltum + -ut (résultatif),enrichissement dérivationnel (contrainte 7)
spiltakar,n,"celui qui compatit, compatissant",nom,spiltak + -ar (agentif),enrichissement dérivationnel (contrainte 7)
spiltakut,n,"compassion, plainte",nom,spiltak + -ut (résultatif),enrichissement dérivationnel (contrainte 7)
klirsanar,n,"commerçant, vendeur",nom,klirsan + -ar (agentif),enrichissement dérivationnel (contrainte 7)
klirsanil,n,"boutique, magasin (lieu)",nom,klirsan + -il (instrumental),enrichissement dérivationnel (contrainte 7)
stirpanar,n,"perfectionniste, celui qui parfait",nom,stirpan + -ar (agentif),enrichissement dérivationnel (contrainte 7)
stirpanut,n,"perfection, état perfectionnné",nom,stirpan + -ut (résultatif),enrichissement dérivationnel (contrainte 7)
klirtalil,n,"récipient à lait, pot à lait",nom,klirtal + -il (instrumental),enrichissement dérivationnel (contrainte 7)
stimunar,n,"chauffeur, conducteur de camion",nom,stimun + -ar (agentif),enrichissement dérivationnel (contrainte 7)
stimunil,n,"garage, lieu de stationnement",nom,stimun + -il (instrumental),enrichissement dérivationnel (contrainte 7)
kʼalturkil,n,lieu d'absence de rendez-vous,nom,kʼalturk + -il (instrumental),enrichissement dérivationnel (contrainte 7)
paltirar,n,grand-père (celui qui est aîné),nom,paltir + -ar (agentif),enrichissement dérivationnel (contrainte 7)
paltiras,n,"grand-paternité, statut d'aîné",nom,paltir + -as (abstrait),enrichissement dérivationnel (contrainte 7)
maltirar,n,grand-mère (celle qui est aînée),nom,maltir + -ar (agentif),enrichissement dérivationnel (contrainte 7)
maltiras,n,"grand-maternité, statut d'aînée",nom,maltir + -as (abstrait),enrichissement dérivationnel (contrainte 7)
krumpinar,n,fabricant de bombes,nom,krumpin + -ar (agentif),enrichissement dérivationnel (contrainte 7)
krumpinil,n,lieu de fabrication de bombes,nom,krumpin + -il (instrumental),enrichissement dérivationnel (contrainte 7)
xilpuktil,n,"lieu de toilette, salle de bain",nom,xilpukt + -il (instrumental),enrichissement dérivationnel (contrainte 7)
rilmaksar,n,celui qui excuse,nom,rilmaks + -ar (agentif),enrichissement dérivationnel (contrainte 7)
prulxanas,n,"royauté, condition de reine",nom,prulxan + -as (abstrait),enrichissement dérivationnel (contrainte 7)
klirpunxar,n,celui qui repart,nom,klirpunx + -ar (agentif),enrichissement dérivationnel (contrainte 7)
prultanar,n,livreur,nom,prultan + -ar (agentif),enrichissement dérivationnel (contrainte 7)
prultanut,n,livraison (ce qui est livré),nom,prultan + -ut (résultatif),enrichissement dérivationnel (contrainte 7)
prulaxar,n,pâtissier,nom,prulax + -ar (agentif),enrichissement dérivationnel (contrainte 7)
spirunar,n,celui qui félicite,nom,spirun + -ar (agentif),enrichissement dérivationnel (contrainte 7)
spiraxar,n,celui qui fait des miracles,nom,spirax + -ar (agentif),enrichissement dérivationnel (contrainte 7)
stirnalar,n,"celui qui convainc, persuaseur",nom,stirnal + -ar (agentif),enrichissement dérivationnel (contrainte 7)
stirnalut,n,"conviction obtenue, persuasion",nom,stirnal + -ut (résultatif),enrichissement dérivationnel (contrainte 7)
praltukar,n,"celui qui traverse, passeur",nom,praltuk + -ar (agentif),enrichissement dérivationnel (contrainte 7)
praltukil,n,"lieu de passage, pont",nom,praltuk + -il (instrumental),enrichissement dérivationnel (contrainte 7)
klimusar,n,celui qui pardonne,nom,klimus + -ar (agentif),enrichissement dérivationnel (contrainte 7)
klimusut,n,pardon accordé,nom,klimus + -ut (résultatif),enrichissement dérivationnel (contrainte 7)
klimrunar,n,"celui qui joue, acteur",nom,klimrun + -ar (agentif),enrichissement dérivationnel (contrainte 7)
klimrunil,n,"lieu de spectacle, théâtre",nom,klimrun + -il (instrumental),enrichissement dérivationnel (contrainte 7)
prulsumar,n,celui qui sous-titre,nom,prulsum + -ar (agentif),enrichissement dérivationnel (contrainte 7)
kirtapar,n,celui qui donne rendez-vous,nom,kirtap + -ar (agentif),enrichissement dérivationnel (contrainte 7)
skurtilar,n,"celui qui résout, solutionneur",nom,skurtil + -ar (agentif),enrichissement dérivationnel (contrainte 7)
skurtilas,n,domaine de la résolution,nom,skurtil + -as (abstrait),enrichissement dérivationnel (contrainte 7)
triskular,n,celui qui refait,nom,triskul + -ar (agentif),enrichissement dérivationnel (contrainte 7)
triskulut,n,chose refaite,nom,triskul + -ut (résultatif),enrichissement dérivationnel (contrainte 7)
kriltaxar,n,"celui qui est intelligent, sage",nom,kriltax + -ar (agentif),enrichissement dérivationnel (contrainte 7)
kriltaxas,n,"sagesse, intelligence",nom,kriltax + -as (abstrait),enrichissement dérivationnel (contrainte 7)
stulmarkar,n,celui qui éteint,nom,stulmark + -ar (agentif),enrichissement dérivationnel (contrainte 7)
stulmarkil,n,"interrupteur, dispositif d'extinction",nom,stulmark + -il (instrumental),enrichissement dérivationnel (contrainte 7)
xalmarkar,n,celui qui fabrique des récipients,nom,xalmark + -ar (agentif),enrichissement dérivationnel (contrainte 7)
pripunkar,n,celui qui bloque,nom,pripunk + -ar (agentif),enrichissement dérivationnel (contrainte 7)
pripunkut,n,"blocage, obstruction",nom,pripunk + -ut (résultatif),enrichissement dérivationnel (contrainte 7)
xilpurtas,n,"état de malchance, infortune",nom,xilpurt + -as (abstrait),enrichissement dérivationnel (contrainte 7)
krantaxas,n,"sacralité, caractère sacré",nom,krantax + -as (abstrait),enrichissement dérivationnel (contrainte 7)
stimarkar,n,celui qui atteint le sommet,nom,stimark + -ar (agentif),enrichissement dérivationnel (contrainte 7)
klirtunas,n,"caractère distinctif, différenciation",nom,klirtun + -as (abstrait),enrichissement dérivationnel (contrainte 7)
xirpunkar,n,celui qui déteste,nom,xirpunk + -ar (agentif),enrichissement dérivationnel (contrainte 7)
xirpunkut,n,"haine, détestation",nom,xirpunk + -ut (résultatif),enrichissement dérivationnel (contrainte 7)
prikmalar,n,celui qui attire,nom,prikmal + -ar (agentif),enrichissement dérivationnel (contrainte 7)
prikmalut,n,chose attirée,nom,prikmal + -ut (résultatif),enrichissement dérivationnel (contrainte 7)
stumarpar,n,celui qui sous-titre,nom,stumarp + -ar (agentif),enrichissement dérivationnel (contrainte 7)
stulmikas,n,"charme, qualité d'être agréable",nom,stulmik + -as (abstrait),enrichissement dérivationnel (contrainte 7)
klirmular,n,celui qui excelle,nom,klirmul + -ar (agentif),enrichissement dérivationnel (contrainte 7)
klirmulas,n,"excellence, qualité formidable",nom,klirmul + -as (abstrait),enrichissement dérivationnel (contrainte 7)
tarkumar,n,celui qui donne rendez-vous,nom,tarkum + -ar (agentif),enrichissement dérivationnel (contrainte 7)
kirmanar,n,grand-mère (agent),nom,kirman + -ar (agentif),enrichissement dérivationnel (contrainte 7)
mirpulas,n,"détail, qualité détaillée",nom,mirpul + -as (abstrait),enrichissement dérivationnel (contrainte 7)
stulmakar,n,celui qui sous-titre,nom,stulmak + -ar (agentif),enrichissement dérivationnel (contrainte 7)
stulmakil,n,outil de sous-titrage,nom,stulmak + -il (instrumental),enrichissement dérivationnel (contrainte 7)
nilpakas,n,qualité de genou,nom,nilpak + -as (abstrait),enrichissement dérivationnel (contrainte 7)
siprunas,n,"supériorité, amélioration",nom,siprun + -as (abstrait),enrichissement dérivationnel (contrainte 7)
kalrikil,n,"zone, lieu délimité",nom,kalrik + -il (instrumental),enrichissement dérivationnel (contrainte 7)
stalmukas,n,"réalité, état de réalité",nom,stalmuk + -as (abstrait),enrichissement dérivationnel (contrainte 7)
spamulas,n,"superbe qualité, splendeur",nom,spamul + -as (abstrait),enrichissement dérivationnel (contrainte 7)
xirnakar,n,celui qui est méchant,nom,xirnak + -ar (agentif),enrichissement dérivationnel (contrainte 7)
xirnakas,n,méchanceté,nom,xirnak + -as (abstrait),enrichissement dérivationnel (contrainte 7)
patrikas,n,"tonalité, qualité tonale",nom,patrik + -as (abstrait),enrichissement dérivationnel (contrainte 7)
spirtulas,n,"destinée, fatalité",nom,spirtul + -as (abstrait),enrichissement dérivationnel (contrainte 7)
stimpakas,n,"urgence, caractère urgent",nom,stimpak + -as (abstrait),enrichissement dérivationnel (contrainte 7)
pramuxar,n,celui qui donne rendez-vous,nom,pramux + -ar (agentif),enrichissement dérivationnel (contrainte 7)
stirapar,n,grand-mère (agent),nom,stirap + -ar (agentif),enrichissement dérivationnel (contrainte 7)
klimtaxil,n,outil de sous-titrage,nom,klimtax + -il (instrumental),enrichissement dérivationnel (contrainte 7)
klimranar,n,celui qui accroche,nom,klimran + -ar (agentif),enrichissement dérivationnel (contrainte 7)
klimranil,n,outil d'accrochage,nom,klimran + -il (instrumental),enrichissement dérivationnel (contrainte 7)
klimarkas,n,"anglicité, caractère anglais",nom,klimark + -as (abstrait),enrichissement dérivationnel (contrainte 7)
stirpixil,n,"valise, récipient de transport",nom,stirpix + -il (instrumental),enrichissement dérivationnel (contrainte 7)
praxalar,n,celui qui donne rendez-vous,nom,praxal + -ar (agentif),enrichissement dérivationnel (contrainte 7)
stimakar,n,grand-père (agent),nom,stimak + -ar (agentif),enrichissement dérivationnel (contrainte 7)
mirtalar,n,celui qui sourit agréablement,nom,mirtal + -ar (agentif),enrichissement dérivationnel (contrainte 7)
mirtalut,n,"sourire, grimace agréable",nom,mirtal + -ut (résultatif),enrichissement dérivationnel (contrainte 7)
pransumil,n,"usine, lieu de production",nom,pransum + -il (instrumental),enrichissement dérivationnel (contrainte 7)
mirpakar,n,"fiancé, celui promis en mariage",nom,mirpak + -ar (agentif),enrichissement dérivationnel (contrainte 7)
prankinar,n,celui qui porte le costume,nom,prankin + -ar (agentif),enrichissement dérivationnel (contrainte 7)
prankinut,n,costume confectionné,nom,prankin + -ut (résultatif),enrichissement dérivationnel (contrainte 7)
krampinar,n,habitant de la campagne,nom,krampin + -ar (agentif),enrichissement dérivationnel (contrainte 7)
krampinil,n,lieu de campagne,nom,krampin + -il (instrumental),enrichissement dérivationnel (contrainte 7)
klimanar,n,chauffeur de bus,nom,kliman + -ar (agentif),enrichissement dérivationnel (contrainte 7)
klimanil,n,station de bus,nom,kliman + -il (instrumental),enrichissement dérivationnel (contrainte 7)
pranipas,n,notion de lendemain,nom,pranip + -as (abstrait),enrichissement dérivationnel (contrainte 7)
xirminar,n,celui en crise,nom,xirmin + -ar (agentif),enrichissement dérivationnel (contrainte 7)
xirminus,v.stat,être en crise,verbe statif,xirmin + -us (désidératif),enrichissement dérivationnel (contrainte 7)
paltuxar,n,celui qui donne rendez-vous,nom,paltux + -ar (agentif),enrichissement dérivationnel (contrainte 7)
haltunikar,n,sous-titreur,nom,haltunik + -ar (agentif),enrichissement dérivationnel (contrainte 7)
xirnalas,n,sexualité,nom,xirnal + -as (abstrait),enrichissement dérivationnel (contrainte 7)
klirtupil,n,chose-à-poches,nom,klirtup + -il (instrumental),enrichissement dérivationnel (contrainte 7)
kartusas,n,état de grand-père,nom,kartus + -as (abstrait),enrichissement dérivationnel (contrainte 7)
kaltusas,n,état de grand-mère,nom,kaltus + -as (abstrait),enrichissement dérivationnel (contrainte 7)
haslimas,n,honnêteté,nom,haslim + -as (abstrait),enrichissement dérivationnel (contrainte 7)
pramtuksar,n,celui qui recule,nom,pramtuks + -ar (agentif),enrichissement dérivationnel (contrainte 7)
klimustas,n,nécessité,nom,klimust + -as (abstrait),enrichissement dérivationnel (contrainte 7)
stirlapil,n,chose-à-piste,nom,stirlap + -il (instrumental),enrichissement dérivationnel (contrainte 7)
klimpuras,n,compréhension,nom,klimpur + -as (abstrait),enrichissement dérivationnel (contrainte 7)
klimnaxas,n,nordité,nom,klimnax + -as (abstrait),enrichissement dérivationnel (contrainte 7)
pramtulil,n,lieu de restaurant,nom,pramtul + -il (instrumental),enrichissement dérivationnel (contrainte 7)
klimpaxar,n,gardien du trésor,nom,klimpax + -ar (agentif),enrichissement dérivationnel (contrainte 7)
stirnuxas,n,nudité,nom,stirnux + -as (abstrait),enrichissement dérivationnel (contrainte 7)
klimtulus,v.stat,avoir besoin de concerner,verbe statif,klimtul + -us (désidératif),enrichissement dérivationnel (contrainte 7)
primalpas,n,énormité,nom,primalp + -as (abstrait),enrichissement dérivationnel (contrainte 7)
sutilar,n,celui qui donne rendez-vous,nom,sutil + -ar (agentif),enrichissement dérivationnel (contrainte 7)
miltunas,n,état de grand-mère,nom,miltun + -as (abstrait),enrichissement dérivationnel (contrainte 7)
tilpunar,n,sous-titreur,nom,tilpun + -ar (agentif),enrichissement dérivationnel (contrainte 7)
mixular,n,"codeur, celui qui code",nom,mixul + -ar (agentif),enrichissement dérivationnel (contrainte 7)
mixulil,n,"clé de code, instrument de codage",nom,mixul + -il (instrumental),enrichissement dérivationnel (contrainte 7)
mirlunar,n,"celui qui a l'intention, décideur",nom,mirlun + -ar (agentif),enrichissement dérivationnel (contrainte 7)
mirlunas,n,"intentionnalité, domaine de l'intention",nom,mirlun + -as (abstrait),enrichissement dérivationnel (contrainte 7)
kirtalas,n,"nervosité, état nerveux",nom,kirtal + -as (abstrait),enrichissement dérivationnel (contrainte 7)
kʼakirtal,v.stat,"être calme, sans nervosité",verbe statif,kirtal + kʼa- (privatif),enrichissement dérivationnel (contrainte 7)
naltukas,n,"connerie, caractère de connard",nom,naltuk + -as (abstrait),enrichissement dérivationnel (contrainte 7)
hilnakas,n,"moindreté, qualité de ce qui est moindre",nom,hilnak + -as (abstrait),enrichissement dérivationnel (contrainte 7)
litmakar,n,"Allemand, locuteur de l'allemand",nom,litmak + -ar (agentif),enrichissement dérivationnel (contrainte 7)
sirmalar,n,"couvreur, celui qui fait les toits",nom,sirmal + -ar (agentif),enrichissement dérivationnel (contrainte 7)
sirmalil,n,"tuile, matériau de toiture",nom,sirmal + -il (instrumental),enrichissement dérivationnel (contrainte 7)
priltunar,n,"représentant, celui qui représente",nom,priltun + -ar (agentif),enrichissement dérivationnel (contrainte 7)
priltunut,n,"représentation, ce qui est représenté",nom,priltun + -ut (résultatif),enrichissement dérivationnel (contrainte 7)
hirpunar,n,"bénisseur, celui qui bénit",nom,hirpun + -ar (agentif),enrichissement dérivationnel (contrainte 7)
hirpunut,n,"bénédiction, ce qui est béni",nom,hirpun + -ut (résultatif),enrichissement dérivationnel (contrainte 7)
kirpular,n,"tireur, celui qui utilise un fusil",nom,kirpul + -ar (agentif),enrichissement dérivationnel (contrainte 7)
nilmakar,n,"femme enceinte, celle en état de grossesse",nom,nilmak + -ar (agentif),enrichissement dérivationnel (contrainte 7)
hirnakas,n,"spectralité, nature de fantôme",nom,hirnak + -as (abstrait),enrichissement dérivationnel (contrainte 7)
stilpunar,n,"endormeur, celui qui endort",nom,stilpun + -ar (agentif),enrichissement dérivationnel (contrainte 7)
stilpunil,n,"soporifique, agent d'endormissement",nom,stilpun + -il (instrumental),enrichissement dérivationnel (contrainte 7)
tirmakar,n,"loueur, celui qui loue",nom,tirmak + -ar (agentif),enrichissement dérivationnel (contrainte 7)
tirmakut,n,"location, ce qui est loué",nom,tirmak + -ut (résultatif),enrichissement dérivationnel (contrainte 7)
sirpunas,n,"hasard, domaine du fortuit",nom,sirpun + -as (abstrait),enrichissement dérivationnel (contrainte 7)
kilmupar,n,"vacher, celui qui soigne les vaches",nom,kilmup + -ar (agentif),enrichissement dérivationnel (contrainte 7)
pritakar,n,"rigolo, celui qui rigole",nom,pritak + -ar (agentif),enrichissement dérivationnel (contrainte 7)
pritakas,n,"rigologie, art de rigoler",nom,pritak + -as (abstrait),enrichissement dérivationnel (contrainte 7)
sunkil,n,"lit, lieu de sommeil",nom,sunk + -il (instrumental),enrichissement dérivationnel (contrainte 7)
sunkus,v.stat,"être somnolent, avoir besoin de dormir",verbe statif,sunk + -us (désidératif),enrichissement dérivationnel (contrainte 7)
silpar,n,"chat, celui qui a les qualités du chat",nom,silp + -ar (agentif),enrichissement dérivationnel (contrainte 7)
kramar,n,"carrier, celui qui extrait la pierre",nom,kram + -ar (agentif),enrichissement dérivationnel (contrainte 7)
kramil,n,"outil de taille, instrument de travail de la pierre",nom,kram + -il (instrumental),enrichissement dérivationnel (contrainte 7)
parnar,n,"incarné, celui qui a un corps",nom,parn + -ar (agentif),enrichissement dérivationnel (contrainte 7)
tranar,n,"imbibeur, celui qui trempe",nom,tran + -ar (agentif),enrichissement dérivationnel (contrainte 7)
tranil,n,"bain, lieu d'imbibition",nom,tran + -il (instrumental),enrichissement dérivationnel (contrainte 7)
hurnil,n,"hauteur, élévation, altitude",nom,hurn + -il (instrumental),enrichissement dérivationnel (contrainte 7)
harkar,n,celui qui s'emporte,nom,hark + -ar (agentif),enrichissement dérivationnel (contrainte 7)
hirmas,n,"culpabilité, remords",nom,hirm + -as (abstrait),enrichissement dérivationnel (contrainte 7)
hirmut,n,acte répréhensible,nom,hirm + -ut (résultatif),enrichissement dérivationnel (contrainte 7)
halmut,n,sensation de chaleur,nom,halm + -ut (résultatif),enrichissement dérivationnel (contrainte 7)
larsar,n,celui qui sort,nom,lars + -ar (agentif),enrichissement dérivationnel (contrainte 7)
larsil,n,"sortie, issue",nom,lars + -il (instrumental),enrichissement dérivationnel (contrainte 7)
hilmil,n,"entrée, accès",nom,hilm + -il (instrumental),enrichissement dérivationnel (contrainte 7)
inkil,n,"entrée, passage",nom,ink + -il (instrumental),enrichissement dérivationnel (contrainte 7)
miltar,n,celui qui paie,nom,milt + -ar (agentif),enrichissement dérivationnel (contrainte 7)
miltil,n,moyen de paiement,nom,milt + -il (instrumental),enrichissement dérivationnel (contrainte 7)
stulakil,n,"aide, secours",nom,stulak + -il (instrumental),enrichissement dérivationnel (contrainte 7)
klatakil,n,"garde, protection",nom,klatak + -il (instrumental),enrichissement dérivationnel (contrainte 7)
pralumil,n,"portage, charge",nom,pralum + -il (instrumental),enrichissement dérivationnel (contrainte 7)
stiramil,n,"écrit, texte",nom,stiram + -il (instrumental),enrichissement dérivationnel (contrainte 7)
trimaxar,n,vainqueur,nom,trimax + -ar (agentif),enrichissement dérivationnel (contrainte 7)
kranikut,n,achat,nom,kranik + -ut (résultatif),enrichissement dérivationnel (contrainte 7)
krasumut,n,"récit, histoire",nom,krasum + -ut (résultatif),enrichissement dérivationnel (contrainte 7)
ktisut,n,"mort, victime",nom,ktis + -ut (résultatif),enrichissement dérivationnel (contrainte 7)
ktisil,n,arme à tuer,nom,ktis + -il (instrumental),enrichissement dérivationnel (contrainte 7)
primalut,n,moment de joie,nom,primal + -ut (résultatif),enrichissement dérivationnel (contrainte 7)
krastut,n,"butin, vol",nom,krast + -ut (résultatif),enrichissement dérivationnel (contrainte 7)
kruntil,n,champ de bataille,nom,krunt + -il (instrumental),enrichissement dérivationnel (contrainte 7)
klirutut,n,"charge, fardeau",nom,klirut + -ut (résultatif),enrichissement dérivationnel (contrainte 7)
stipunil,n,"classe, salle d'école",nom,stipun + -il (instrumental),enrichissement dérivationnel (contrainte 7)
tikumil,n,"abaque, calculatrice",nom,tikum + -il (instrumental),enrichissement dérivationnel (contrainte 7)
kratunas,n,"labeur, travail acharné",nom,kratun + -as (abstrait),enrichissement dérivationnel (contrainte 7)
pralimar,n,"donateur, généreux",nom,pralim + -ar (agentif),enrichissement dérivationnel (contrainte 7)
klimaxar,n,"amuseur, comédien",nom,klimax + -ar (agentif),enrichissement dérivationnel (contrainte 7)
klimaxut,n,"divertissement, spectacle",nom,klimax + -ut (résultatif),enrichissement dérivationnel (contrainte 7)
prulnikut,n,"sujet captivant, intérêt",nom,prulnik + -ut (résultatif),enrichissement dérivationnel (contrainte 7)
staliril,n,piste de danse,nom,stalir + -il (instrumental),enrichissement dérivationnel (contrainte 7)
krutaxar,n,destructeur,nom,krutax + -ar (agentif),enrichissement dérivationnel (contrainte 7)
sparular,n,"découvreur, explorateur",nom,sparul + -ar (agentif),enrichissement dérivationnel (contrainte 7)
trikamut,n,"garantie, assurance",nom,trikam + -ut (résultatif),enrichissement dérivationnel (contrainte 7)
praxular,n,"celui qui risque, aventurier",nom,praxul + -ar (agentif),enrichissement dérivationnel (contrainte 7)
kranitil,n,"l'instrument d'appel, la cloche",nom,kranit + -il (instrumental),enrichissement dérivationnel (contrainte 7)
spilamil,n,le lieu de visite,nom,spilam + -il (instrumental),enrichissement dérivationnel (contrainte 7)
stikalpas,n,"l'attaque, l'assaut",nom,stikalp + -as (abstrait),enrichissement dérivationnel (contrainte 7)
klirpulas,n,la répétition,nom,klirpul + -as (abstrait),enrichissement dérivationnel (contrainte 7)
klirapas,n,l'invitation,nom,klirap + -as (abstrait),enrichissement dérivationnel (contrainte 7)
trikaxas,n,la criminalité,nom,trikax + -as (abstrait),enrichissement dérivationnel (contrainte 7)
spirakas,n,l'action de fumer,nom,spirak + -as (abstrait),enrichissement dérivationnel (contrainte 7)
praximas,n,"la discussion, le débat",nom,praxim + -as (abstrait),enrichissement dérivationnel (contrainte 7)
kartulil,n,"le carnet, le support d'écriture",nom,kartul + -il (instrumental),enrichissement dérivationnel (contrainte 7)
xamulas,n,"le meurtre, la tuerie",nom,xamul + -as (abstrait),enrichissement dérivationnel (contrainte 7)
turlixar,n,celui qui blesse,nom,turlix + -ar (agentif),enrichissement dérivationnel (contrainte 7)
kramunas,n,"la direction, le commandement",nom,kramun + -as (abstrait),enrichissement dérivationnel (contrainte 7)
praxumar,n,celui qui mérite,nom,praxum + -ar (agentif),enrichissement dérivationnel (contrainte 7)
prulamar,n,celui qui exemplifie,nom,prulam + -ar (agentif),enrichissement dérivationnel (contrainte 7)
kirpalas,n,"la noblesse, la principauté",nom,kirpal + -as (abstrait),enrichissement dérivationnel (contrainte 7)
praxutar,n,"celui qui plante, planteur",nom,praxut + -ar (agentif),enrichissement dérivationnel (contrainte 7)
praxutut,n,"ce qui est planté, plantation",nom,praxut + -ut (résultatif),enrichissement dérivationnel (contrainte 7)
tramisar,n,celui qui contraint,nom,tramis + -ar (agentif),enrichissement dérivationnel (contrainte 7)
tramisas,n,"la contrainte, l'obligation",nom,tramis + -as (abstrait),enrichissement dérivationnel (contrainte 7)
kilpumar,n,fabricant de boîtes,nom,kilpum + -ar (agentif),enrichissement dérivationnel (contrainte 7)
spatunar,n,celui qui dîne,nom,spatun + -ar (agentif),enrichissement dérivationnel (contrainte 7)
spatunil,n,"le lieu de repas, la table",nom,spatun + -il (instrumental),enrichissement dérivationnel (contrainte 7)
tripaxar,n,celui qui couvre,nom,tripax + -ar (agentif),enrichissement dérivationnel (contrainte 7)
tripaxut,n,"la couverture, le recouvrement",nom,tripax + -ut (résultatif),enrichissement dérivationnel (contrainte 7)
kartumar,n,celui qui acquiert,nom,kartum + -ar (agentif),enrichissement dérivationnel (contrainte 7)
klimisar,n,"plaisantin, blagueur",nom,klimis + -ar (agentif),enrichissement dérivationnel (contrainte 7)
klimisas,n,"humour, plaisanterie",nom,klimis + -as (abstrait),enrichissement dérivationnel (contrainte 7)
praxukas,n,"ensemble des coutumes, tradition",nom,praxuk + -as (abstrait),enrichissement dérivationnel (contrainte 7)
pramikut,n,"compagnie, fait d'être ensemble",nom,pramik + -ut (résultatif),enrichissement dérivationnel (contrainte 7)
kilpaxil,n,"cuisine, lieu de cuisine",nom,kilpax + -il (instrumental),enrichissement dérivationnel (contrainte 7)
tramukas,n,"art du vol, kleptomanie",nom,tramuk + -as (abstrait),enrichissement dérivationnel (contrainte 7)
stipakut,n,"observation, remarque notée",nom,stipak + -ut (résultatif),enrichissement dérivationnel (contrainte 7)
spalumar,n,celui qui épuise,nom,spalum + -ar (agentif),enrichissement dérivationnel (contrainte 7)
spalumas,n,"fatigue, épuisement",nom,spalum + -as (abstrait),enrichissement dérivationnel (contrainte 7)
tritaxut,n,"tentative, essai",nom,tritax + -ut (résultatif),enrichissement dérivationnel (contrainte 7)
prisular,n,"compétent, expert",nom,prisul + -ar (agentif),enrichissement dérivationnel (contrainte 7)
stinalas,n,"travail intensif, labeur",nom,stinal + -as (abstrait),enrichissement dérivationnel (contrainte 7)
trimakut,n,"ravissement, transport de joie",nom,trimak + -ut (résultatif),enrichissement dérivationnel (contrainte 7)
stulaxut,n,"arrangement, ordre établi",nom,stulax + -ut (résultatif),enrichissement dérivationnel (contrainte 7)
klirpunar,n,"évaluateur, appréciateur",nom,klirpun + -ar (agentif),enrichissement dérivationnel (contrainte 7)
klirpunut,n,"appréciation, évaluation",nom,klirpun + -ut (résultatif),enrichissement dérivationnel (contrainte 7)
praltumil,n,lieu de lavage,nom,praltum + -il (instrumental),enrichissement dérivationnel (contrainte 7)
stirtupar,n,"réalisateur, accomplisseur",nom,stirtup + -ar (agentif),enrichissement dérivationnel (contrainte 7)
krimulut,n,"prévision, anticipation",nom,krimul + -ut (résultatif),enrichissement dérivationnel (contrainte 7)
stiranas,n,"discipline de recherche, domaine d'enquête",nom,stiran + -as (abstrait),enrichissement dérivationnel (contrainte 7)
klipakas,n,"l'art du bain, la baignade",nom,klipak + -as (abstrait),enrichissement dérivationnel (contrainte 7)
hiltupil,n,instrument de soin,nom,hiltup + -il (instrumental),enrichissement dérivationnel (contrainte 7)
hiltupas,n,"la médecine, l'art du soin",nom,hiltup + -as (abstrait),enrichissement dérivationnel (contrainte 7)
tramulil,n,"école, lieu d'étude",nom,tramul + -il (instrumental),enrichissement dérivationnel (contrainte 7)
tramulut,n,"connaissance acquise, savoir",nom,tramul + -ut (résultatif),enrichissement dérivationnel (contrainte 7)
stalpunar,n,"celui qui propose, conseiller",nom,stalpun + -ar (agentif),enrichissement dérivationnel (contrainte 7)
klimukar,n,"celui qui emporte, ravisseur",nom,klimuk + -ar (agentif),enrichissement dérivationnel (contrainte 7)
kalmakil,n,outil de réparation,nom,kalmak + -il (instrumental),enrichissement dérivationnel (contrainte 7)
kalmakut,n,"réparation, restauration",nom,kalmak + -ut (résultatif),enrichissement dérivationnel (contrainte 7)
kaltimil,n,instrument de contrôle,nom,kaltim + -il (instrumental),enrichissement dérivationnel (contrainte 7)
kaltimas,n,"inspection, contrôle",nom,kaltim + -as (abstrait),enrichissement dérivationnel (contrainte 7)
spirukut,n,"moquerie, raillerie",nom,spiruk + -ut (résultatif),enrichissement dérivationnel (contrainte 7)
pirtalus,v.stat,"être ennuyé, s'ennuyer",verbe statif,pirtal + -us (désidératif),enrichissement dérivationnel (contrainte 7)
primitar,n,celui qui sonne,nom,primit + -ar (agentif),enrichissement dérivationnel (contrainte 7)
primitil,n,"cloche, instrument sonore",nom,primit + -il (instrumental),enrichissement dérivationnel (contrainte 7)
spinakar,n,celui qui respecte,nom,spinak + -ar (agentif),enrichissement dérivationnel (contrainte 7)
krultumar,n,"celui qui force, tyran",nom,krultum + -ar (agentif),enrichissement dérivationnel (contrainte 7)
krultumut,n,"contrainte, force",nom,krultum + -ut (résultatif),enrichissement dérivationnel (contrainte 7)
spilatar,n,fossoyeur,nom,spilat + -ar (agentif),enrichissement dérivationnel (contrainte 7)
klirpusut,n,"conjecture, devinette",nom,klirpus + -ut (résultatif),enrichissement dérivationnel (contrainte 7)
stirpaxar,n,celui qui sépare,nom,stirpax + -ar (agentif),enrichissement dérivationnel (contrainte 7)
klurpatut,n,"chasse, poursuite",nom,klurpat + -ut (résultatif),enrichissement dérivationnel (contrainte 7)
stirmaput,n,"cause, effet engendré",nom,stirmap + -ut (résultatif),enrichissement dérivationnel (contrainte 7)
praltaxas,n,"survie, persistance",nom,praltax + -as (abstrait),enrichissement dérivationnel (contrainte 7)
kʼaprikas,n,"liberté, absence de contrainte",nom,kʼaprik + -as (abstrait),enrichissement dérivationnel (contrainte 7)
kraxumil,n,"arme de frappe, marteau",nom,kraxum + -il (instrumental),enrichissement dérivationnel (contrainte 7)
kraxumut,n,"coup, frappe",nom,kraxum + -ut (résultatif),enrichissement dérivationnel (contrainte 7)
spilmaxil,n,téléphone,nom,spilmax + -il (instrumental),enrichissement dérivationnel (contrainte 7)
spilmaxut,n,"appel, coup de fil",nom,spilmax + -ut (résultatif),enrichissement dérivationnel (contrainte 7)
stipulkut,n,installation,nom,stipulk + -ut (résultatif),enrichissement dérivationnel (contrainte 7)
stipulkil,n,outil d'installation,nom,stipulk + -il (instrumental),enrichissement dérivationnel (contrainte 7)
krulpanil,n,récipient à remplir,nom,krulpan + -il (instrumental),enrichissement dérivationnel (contrainte 7)
stirpulkut,n,contrôle,nom,stirpulk + -ut (résultatif),enrichissement dérivationnel (contrainte 7)
stirpulkas,n,domaine du contrôle,nom,stirpulk + -as (abstrait),enrichissement dérivationnel (contrainte 7)
stirmalxut,n,attaque,nom,stirmalx + -ut (résultatif),enrichissement dérivationnel (contrainte 7)
stipulxil,n,lieu d'enfermement,nom,stipulx + -il (instrumental),enrichissement dérivationnel (contrainte 7)
stirmalpar,n,celui qui habille,nom,stirmalp + -ar (agentif),enrichissement dérivationnel (contrainte 7)
stirpaxulut,n,enquête,nom,stirpaxul + -ut (résultatif),enrichissement dérivationnel (contrainte 7)
prultumas,n,voisinage,nom,prultum + -as (abstrait),enrichissement dérivationnel (contrainte 7)
pramsulas,n,commandement,nom,pramsul + -as (abstrait),enrichissement dérivationnel (contrainte 7)
krismarkut,n,assassinat,nom,krismark + -ut (résultatif),enrichissement dérivationnel (contrainte 7)
krismarkas,n,meurtre,nom,krismark + -as (abstrait),enrichissement dérivationnel (contrainte 7)
spirmarkut,n,sortilège,nom,spirmark + -ut (résultatif),enrichissement dérivationnel (contrainte 7)
spirmarkas,n,sorcellerie,nom,spirmark + -as (abstrait),enrichissement dérivationnel (contrainte 7)
prankulut,n,arrachage,nom,prankul + -ut (résultatif),enrichissement dérivationnel (contrainte 7)
xiltuput,n,énervement,nom,xiltup + -ut (résultatif),enrichissement dérivationnel (contrainte 7)
xiltupus,v.stat,être énervé,verbe statif,xiltup + -us (désidératif),enrichissement dérivationnel (contrainte 7)
plamulut,n,placement,nom,plamul + -ut (résultatif),enrichissement dérivationnel (contrainte 7)
priltaxut,n,remplacement,nom,priltax + -ut (résultatif),enrichissement dérivationnel (contrainte 7)
xiltamut,n,emmerdement,nom,xiltam + -ut (résultatif),enrichissement dérivationnel (contrainte 7)
klimsular,n,celui qui déjeune,nom,klimsul + -ar (agentif),enrichissement dérivationnel (contrainte 7)
klimparut,n,entraînement,nom,klimpar + -ut (résultatif),enrichissement dérivationnel (contrainte 7)
prankatas,n,pratique du sous-titrage,nom,prankat + -as (abstrait),enrichissement dérivationnel (contrainte 7)
stirmanas,n,danse,nom,stirman + -as (abstrait),enrichissement dérivationnel (contrainte 7)
stirmakar,n,"coupable, responsable",nom,stirmak + -ar (agentif),enrichissement dérivationnel (contrainte 7)
stimatil,n,"surface, dessus",nom,stimat + -il (instrumental),enrichissement dérivationnel (contrainte 7)
stirpuxut,n,étonnement,nom,stirpux + -ut (résultatif),enrichissement dérivationnel (contrainte 7)
stirpuxas,n,"étonnement, surprise",nom,stirpux + -as (abstrait),enrichissement dérivationnel (contrainte 7)
klimsuput,n,accusation,nom,klimsup + -ut (résultatif),enrichissement dérivationnel (contrainte 7)
klimruput,n,menace,nom,klimrup + -ut (résultatif),enrichissement dérivationnel (contrainte 7)
klimrupas,n,"menace, danger",nom,klimrup + -as (abstrait),enrichissement dérivationnel (contrainte 7)
riptalar,n,celui qui pique,nom,riptal + -ar (agentif),enrichissement dérivationnel (contrainte 7)
maltar,n,mangeur,nom,malt + -ar (agentif),enrichissement dérivationnel (contrainte 7)
maltil,n,"assiette, lieu de manger",nom,malt + -il (instrumental),enrichissement dérivationnel (contrainte 7)
xurtil,n,"route, chemin",nom,xurt + -il (instrumental),enrichissement dérivationnel (contrainte 7)
turkil,n,"four, lieu de cuisson",nom,turk + -il (instrumental),enrichissement dérivationnel (contrainte 7)
narput,n,"saveur, goût",nom,narp + -ut (résultatif),enrichissement dérivationnel (contrainte 7)
kalsil,n,"table, comptoir de service",nom,kals + -il (instrumental),enrichissement dérivationnel (contrainte 7)
rampil,n,"terrier, galerie de rampant",nom,ramp + -il (instrumental),enrichissement dérivationnel (contrainte 7)
kilsus,v.stat,"avoir besoin d'animal, manquer de bête",verbe statif,kils + -us (désidératif),enrichissement dérivationnel (contrainte 7)
nursil,n,"enclos, étable, lieu de domestique",nom,nurs + -il (instrumental),enrichissement dérivationnel (contrainte 7)
halsil,n,"feuillée, bosquet, endroit feuillu",nom,hals + -il (instrumental),enrichissement dérivationnel (contrainte 7)
halsus,v.stat,"manquer de feuilles, être en besoin de verdure",verbe statif,hals + -us (désidératif),enrichissement dérivationnel (contrainte 7)
primar,n,"chose verte, plante, être vivant",nom,prim + -ar (agentif),enrichissement dérivationnel (contrainte 7)
urikut,n,"fleur, épanouissement",nom,urik + -ut (résultatif),enrichissement dérivationnel (contrainte 7)
sunil,n,"rayon solaire, source de lumière",nom,sun + -il (instrumental),enrichissement dérivationnel (contrainte 7)
hakil,n,"sommet, refuge montagneux",nom,hak + -il (instrumental),enrichissement dérivationnel (contrainte 7)
talil,n,"vallée, creux, terrain bas",nom,tal + -il (instrumental),enrichissement dérivationnel (contrainte 7)
lunil,n,"clair de lune, clarté lunaire",nom,lun + -il (instrumental),enrichissement dérivationnel (contrainte 7)
naksil,n,"bassin, récipient à gouttes",nom,naks + -il (instrumental),enrichissement dérivationnel (contrainte 7)
kirtil,n,"foyer, lieu de cendre",nom,kirt + -il (instrumental),enrichissement dérivationnel (contrainte 7)
lustar,n,"venteur, celui qui souffle",nom,lust + -ar (agentif),enrichissement dérivationnel (contrainte 7)
mixtil,n,"nuage, voile de brouillard",nom,mixt + -il (instrumental),enrichissement dérivationnel (contrainte 7)
mixtus,v.stat,"manquer de clarté, être brumeux",verbe statif,mixt + -us (désidératif),enrichissement dérivationnel (contrainte 7)
talpil,n,"délai, période mesurée",nom,talp + -il (instrumental),enrichissement dérivationnel (contrainte 7)
xirnut,n,"cycle complet, révolution",nom,xirn + -ut (résultatif),enrichissement dérivationnel (contrainte 7)
stirnar,n,"ancien, vieillard",nom,stirn + -ar (agentif),enrichissement dérivationnel (contrainte 7)
prankil,n,"saison, période saisonnière",nom,prank + -il (instrumental),enrichissement dérivationnel (contrainte 7)
mulil,n,"nuit, lieu nocturne",nom,mul + -il (instrumental),enrichissement dérivationnel (contrainte 7)
kirnil,n,"année, cycle annuel",nom,kirn + -il (instrumental),enrichissement dérivationnel (contrainte 7)
sinkut,n,"extension, durée prolongée",nom,sink + -ut (résultatif),enrichissement dérivationnel (contrainte 7)
haltar,n,"celui qui avance, progressant",nom,halt + -ar (agentif),enrichissement dérivationnel (contrainte 7)
haltut,n,"progression, avancée",nom,halt + -ut (résultatif),enrichissement dérivationnel (contrainte 7)
murput,n,"l'état de déclin, la dégénérescence",nom,murp + -ut (résultatif),enrichissement dérivationnel (contrainte 7)
hirkut,n,"ce qui s'est écoulé, le reste du passé",nom,hirk + -ut (résultatif),enrichissement dérivationnel (contrainte 7)
xulil,n,"le contenant, l'espace intérieur",nom,xul + -il (instrumental),enrichissement dérivationnel (contrainte 7)
nirkil,n,"l'espace extérieur, le lieu du dehors",nom,nirk + -il (instrumental),enrichissement dérivationnel (contrainte 7)
lankil,n,"le seuil, le lieu liminal",nom,lank + -il (instrumental),enrichissement dérivationnel (contrainte 7)
pilsil,n,"le passage, le point de traversée",nom,pils + -il (instrumental),enrichissement dérivationnel (contrainte 7)
tulkil,n,"les extrémités, les marges",nom,tulk + -il (instrumental),enrichissement dérivationnel (contrainte 7)
hulkar,n,celui qui tombe,nom,hulk + -ar (agentif),enrichissement dérivationnel (contrainte 7)
makar,n,celui qui sent bon,nom,mak + -ar (agentif),enrichissement dérivationnel (contrainte 7)
xunkil,n,le lieu sombre,nom,xunk + -il (instrumental),enrichissement dérivationnel (contrainte 7)
lisil,n,l'instrument d'écoute,nom,lis + -il (instrumental),enrichissement dérivationnel (contrainte 7)
stinkut,n,"ce qui est mémorisé, le souvenir",nom,stink + -ut (résultatif),enrichissement dérivationnel (contrainte 7)
tulmas,n,"la honte, l'embarras",nom,tulm + -as (abstrait),enrichissement dérivationnel (contrainte 7)
tulmus,v.stat,"être honteux, éprouver de la gêne",verbe statif,tulm + -us (désidératif),enrichissement dérivationnel (contrainte 7)
stumas,n,"la surprise, l'étonnement",nom,stum + -as (abstrait),enrichissement dérivationnel (contrainte 7)
stumus,v.stat,"être surpris, étonné",verbe statif,stum + -us (désidératif),enrichissement dérivationnel (contrainte 7)
kurpas,n,"le dégoût, l'aversion",nom,kurp + -as (abstrait),enrichissement dérivationnel (contrainte 7)
kurpus,v.stat,"être dégouté, répugner",verbe statif,kurp + -us (désidératif),enrichissement dérivationnel (contrainte 7)
sulmas,n,"la solitude, l'abandon",nom,sulm + -as (abstrait),enrichissement dérivationnel (contrainte 7)
hultus,v.stat,"souffrir moralement, être en peine",verbe statif,hult + -us (désidératif),enrichissement dérivationnel (contrainte 7)
hulmut,n,"la reddition, l'abandon",nom,hulm + -ut (résultatif),enrichissement dérivationnel (contrainte 7)
printil,n,"l'instrument de marquage, le sceau",nom,print + -il (instrumental),enrichissement dérivationnel (contrainte 7)
sulpas,n,"la fixité, la cohésion",nom,sulp + -as (abstrait),enrichissement dérivationnel (contrainte 7)
rikil,n,"la fenêtre, l'ouverture lumineuse",nom,rik + -il (instrumental),enrichissement dérivationnel (contrainte 7)
malil,n,"le sol, le plancher, la fondation",nom,mal + -il (instrumental),enrichissement dérivationnel (contrainte 7)
suril,n,"habitation, demeure",nom,sur + -il (instrumental),enrichissement dérivationnel (contrainte 7)
takil,n,outil de construction,nom,tak + -il (instrumental),enrichissement dérivationnel (contrainte 7)
nimut,n,propreté,nom,nim + -ut (résultatif),enrichissement dérivationnel (contrainte 7)
nimil,n,"produit de nettoyage, balai",nom,nim + -il (instrumental),enrichissement dérivationnel (contrainte 7)
kraxas,n,"étroitesse, compression",nom,krax + -as (abstrait),enrichissement dérivationnel (contrainte 7)
hamxas,n,"coût, valeur",nom,hamx + -as (abstrait),enrichissement dérivationnel (contrainte 7)
kʼanult,v.stat,"être plein, contenir",verbe statif,nult + kʼa- (privatif),enrichissement dérivationnel (contrainte 7)
hirput,n,"augmentation, croissance",nom,hirp + -ut (résultatif),enrichissement dérivationnel (contrainte 7)
kʼapirn,v.stat,"être jeune, neuf",verbe statif,pirn + kʼa- (privatif),enrichissement dérivationnel (contrainte 7)
xantas,n,"vie, souffle",nom,xant + -as (abstrait),enrichissement dérivationnel (contrainte 7)
parkut,n,"mensonge, tromperie",nom,park + -ut (résultatif),enrichissement dérivationnel (contrainte 7)
kʼalark,v.stat,"être incertain, douter",verbe statif,lark + kʼa- (privatif),enrichissement dérivationnel (contrainte 7)
marnar,n,"celui qui oublie, étourdi",nom,marn + -ar (agentif),enrichissement dérivationnel (contrainte 7)
marnus,v.stat,être en manque de mémoire,verbe statif,marn + -us (désidératif),enrichissement dérivationnel (contrainte 7)
nurkas,n,"gouvernance, direction, commandement",nom,nurk + -as (abstrait),enrichissement dérivationnel (contrainte 7)
spalmar,n,"coopérateur, collaborateur",nom,spalm + -ar (agentif),enrichissement dérivationnel (contrainte 7)
sparnas,n,"transmission, filiation",nom,sparn + -as (abstrait),enrichissement dérivationnel (contrainte 7)
hulpas,n,"système d'interdiction, tabou",nom,hulp + -as (abstrait),enrichissement dérivationnel (contrainte 7)
maksut,n,"possession, richesse, accumulation",nom,maks + -ut (résultatif),enrichissement dérivationnel (contrainte 7)
maksas,n,"possession, richesse, propriété",nom,maks + -as (abstrait),enrichissement dérivationnel (contrainte 7)
rulkus,v.stat,"être en pente, tendre à descendre",verbe statif,rulk + -us (désidératif),enrichissement dérivationnel (contrainte 7)
palmas,n,"guidage, mentorat, compagnonnage",nom,palm + -as (abstrait),enrichissement dérivationnel (contrainte 7)
skapas,n,"nébulosité, couverture nuageuse",nom,skap + -as (abstrait),enrichissement dérivationnel (contrainte 7)
skaras,n,"éclair, illumination fulgurante",nom,skar + -as (abstrait),enrichissement dérivationnel (contrainte 7)
kirmus,v.stat,"être en quête de lissité, désirer lisser",verbe statif,kirm + -us (désidératif),enrichissement dérivationnel (contrainte 7)
krilil,n,"grattoir, outil à racler",nom,kril + -il (instrumental),enrichissement dérivationnel (contrainte 7)
riltil,n,"surface à lisser, toile glissante",nom,rilt + -il (instrumental),enrichissement dérivationnel (contrainte 7)
lintus,v.stat,"être besoin de repos, être fatigué",verbe statif,lint + -us (désidératif),enrichissement dérivationnel (contrainte 7)
malpar,n,celui qui mange,nom,malp + -ar (agentif),enrichissement dérivationnel (contrainte 7)
plinkut,n,"l'oubli, ce qui est oublié",nom,plink + -ut (résultatif),enrichissement dérivationnel (contrainte 7)
plinkas,n,"l'oubli (abstrait), l'amnésie",nom,plink + -as (abstrait),enrichissement dérivationnel (contrainte 7)
stikus,v.stat,"être tiède, avoir une température intermédiaire",verbe statif,stik + -us (désidératif),enrichissement dérivationnel (contrainte 7)
markil,n,"le lieu marqué, la surface brûlée",nom,mark + -il (instrumental),enrichissement dérivationnel (contrainte 7)
purtas,n,"la fonte, la fusion",nom,purt + -as (abstrait),enrichissement dérivationnel (contrainte 7)
silxas,n,"la combustion, l'incendie",nom,silx + -as (abstrait),enrichissement dérivationnel (contrainte 7)
sumpar,n,"celui qui est sale, le souillé",nom,sump + -ar (agentif),enrichissement dérivationnel (contrainte 7)
spurnus,v.stat,"être figé, rester immobile",verbe statif,spurn + -us (désidératif),enrichissement dérivationnel (contrainte 7)
kalmar,n,"celui qui trace, le traceur",nom,kalm + -ar (agentif),enrichissement dérivationnel (contrainte 7)
kumus,v.stat,"être visible, apparaître",verbe statif,kum + -us (désidératif),enrichissement dérivationnel (contrainte 7)
skalil,n,lieu de fête,nom,skal + -il (instrumental),enrichissement dérivationnel (contrainte 7)
murtar,n,celui qui meurt,nom,murt + -ar (agentif),enrichissement dérivationnel (contrainte 7)
xalut,n,"l'être aimé, celui qui est affectionné",nom,xal + -ut (résultatif),enrichissement dérivationnel (contrainte 7)
pulil,n,"l'arbre généalogique, le registre des lignées",nom,pul + -il (instrumental),enrichissement dérivationnel (contrainte 7)
kriput,n,"la racine, le système racinaire",nom,krip + -ut (résultatif),enrichissement dérivationnel (contrainte 7)
plasut,n,"la fleur, l'éclat de floraison",nom,plas + -ut (résultatif),enrichissement dérivationnel (contrainte 7)
skinas,n,"la semence, la germinativité",nom,skin + -as (abstrait),enrichissement dérivationnel (contrainte 7)
nilsut,n,"l'épine, le piquant",nom,nils + -ut (résultatif),enrichissement dérivationnel (contrainte 7)
klitut,n,"la branche, la ramification",nom,klit + -ut (résultatif),enrichissement dérivationnel (contrainte 7)
litas,n,"la protection écorcée, la fonction protectrice",nom,lit + -as (abstrait),enrichissement dérivationnel (contrainte 7)
kalas,n,"la minéralité, la nature rocheuse",nom,kal + -as (abstrait),enrichissement dérivationnel (contrainte 7)
turpas,n,"l'humidité, la fluidité aquatique",nom,turp + -as (abstrait),enrichissement dérivationnel (contrainte 7)
palsut,n,"la pluie, la précipitation",nom,pals + -ut (résultatif),enrichissement dérivationnel (contrainte 7)
palsas,n,"la pluviosité, l'état nuageux",nom,pals + -as (abstrait),enrichissement dérivationnel (contrainte 7)
stakas,n,"liquidité, fluidité, propriété hydrique",nom,stak + -as (abstrait),enrichissement dérivationnel (contrainte 7)
arilil,n,"poumon, organe respiratoire",nom,aril + -il (instrumental),enrichissement dérivationnel (contrainte 7)
kaltar,n,"celui qui creuse, excavateur",nom,kalt + -ar (agentif),enrichissement dérivationnel (contrainte 7)
kaltil,n,"outil à creuser, pioche",nom,kalt + -il (instrumental),enrichissement dérivationnel (contrainte 7)
pulsil,n,"pierre, bloc rocheux",nom,puls + -il (instrumental),enrichissement dérivationnel (contrainte 7)
trikut,n,"trajet, chemin parcouru",nom,trik + -ut (résultatif),enrichissement dérivationnel (contrainte 7)
spinut,n,"course, course rapide",nom,spin + -ut (résultatif),enrichissement dérivationnel (contrainte 7)
rilkut,n,"navigation, voyage sur l'eau",nom,rilk + -ut (résultatif),enrichissement dérivationnel (contrainte 7)
nustut,n,"suite, poursuite",nom,nust + -ut (résultatif),enrichissement dérivationnel (contrainte 7)
trixut,n,"examen tactile, exploration",nom,trix + -ut (résultatif),enrichissement dérivationnel (contrainte 7)
taksut,n,"savoir acquis, apprentissage",nom,taks + -ut (résultatif),enrichissement dérivationnel (contrainte 7)
xirkut,n,"souvenir, mémoire (ce qui est retenu)",nom,xirk + -ut (résultatif),enrichissement dérivationnel (contrainte 7)
stalkut,n,"analyse, élément analysé",nom,stalk + -ut (résultatif),enrichissement dérivationnel (contrainte 7)
trimut,n,"doute, hésitation",nom,trim + -ut (résultatif),enrichissement dérivationnel (contrainte 7)
silkut,n,"perception, sensation",nom,silk + -ut (résultatif),enrichissement dérivationnel (contrainte 7)
skitut,n,"chanson, air, mélodie",nom,skit + -ut (résultatif),enrichissement dérivationnel (contrainte 7)
minkut,n,"signification, sens",nom,mink + -ut (résultatif),enrichissement dérivationnel (contrainte 7)
kurtut,n,"désir, volonté",nom,kurt + -ut (résultatif),enrichissement dérivationnel (contrainte 7)
silmut,n,"souhait, espoir",nom,silm + -ut (résultatif),enrichissement dérivationnel (contrainte 7)
turmut,n,"consentement, acceptation",nom,turm + -ut (résultatif),enrichissement dérivationnel (contrainte 7)
tirput,n,"attachement, affection",nom,tirp + -ut (résultatif),enrichissement dérivationnel (contrainte 7)
sturnut,n,"passion, ferveur ardente",nom,sturn + -ut (résultatif),enrichissement dérivationnel (contrainte 7)
harnil,n,"harnais, équipement",nom,harn + -il (instrumental),enrichissement dérivationnel (contrainte 7)
kraxtas,n,"propriété, richesse",nom,kraxt + -as (abstrait),enrichissement dérivationnel (contrainte 7)
kampil,n,"lieu de partage, espace communal",nom,kamp + -il (instrumental),enrichissement dérivationnel (contrainte 7)
krapil,n,"passage étroit, goulot",nom,krap + -il (instrumental),enrichissement dérivationnel (contrainte 7)
lumkas,n,"creux, cavité, vide",nom,lumk + -as (abstrait),enrichissement dérivationnel (contrainte 7)
prulus,v.stat,"avoir besoin de courage, désirer être brave",verbe statif,prul + -us (désidératif),enrichissement dérivationnel (contrainte 7)
mirpil,n,"comptoir, lieu d'échange",nom,mirp + -il (instrumental),enrichissement dérivationnel (contrainte 7)
xirput,n,"soin, guérison",nom,xirp + -ut (résultatif),enrichissement dérivationnel (contrainte 7)
spikut,n,"progression, avancée",nom,spik + -ut (résultatif),enrichissement dérivationnel (contrainte 7)
mulmil,n,"champ, terrain",nom,mulm + -il (instrumental),enrichissement dérivationnel (contrainte 7)
nuxtil,n,grenier à paille,nom,nuxt + -il (instrumental),enrichissement dérivationnel (contrainte 7)
tilmil,n,"foyer, lieu de foyer",nom,tilm + -il (instrumental),enrichissement dérivationnel (contrainte 7)
ximil,n,"résinier, resserre à résine",nom,xim + -il (instrumental),enrichissement dérivationnel (contrainte 7)
